File,ebc_top_rc,ebc_counts,LH_ebc_new,dbc_top,dbc_counts,LH_dbc_new
FLC_R1_clones_1N_P1-H9-GTCTTAGG-TTATGCGA_S93_L008,CGACAAATTAAAAAGCATGTTATGTG,2;2;2;1,CATTGAAGATAAAAAACTTTTTCGGG,ACAAAAAGATATAACAAGCTTGAAGA,3,ACAAAAAGATATAACAAGCTTGAAGA
CLM_R2_clones_1N_P1-D1-TAAGGCGA-TATGCAGT_S37_L001,TCTCAAAAATATAATTCGCTTGGGAA,2;1;1;1,TACATAATGGAAAAATGGATTAATTG,CGATGAAAGGGAAAATGAATTAACAG,2,ABSENT
FLC_R2_clones_1N_P1-D2-CTAGTACG-ACTGCATA_S38_L004,GACAAAAACGACAAATTCTTTTCAAA,4,GACAAAAACGACAAATTCTTTTCAAA,CTGAGAAAACTAAACTATTTTAACAT,1,CCTGGAAAGGCTAAGGCGGTTTCAAT
FLC_R1_clones_1N_P2-D2-CTAGTACG-ACTGCATA_S134_L008,GACAAAAACGACAAATTCTTTTCAAA,8;1;2,GACAAAAACGACAAATTCTTTTCAAA,AAGTAAATAGACAACTTTATTTCAAA,1,GATGCAACACTCCCTTGGTTT
GlyEtOH_1N_GE_1_E04_GGACTCCT-TATAGACG,CCCCCAATCCTCAACCCGCTTCGTAC,12,CAAGAAAACTCAAAACGTCTTAGCAG,CAAGAAAACTCAAAACGTCTTAGCAG,18;1,CAAGAAAACTCAAAACGTCTTAGCAG
GlyEtOH_1N_GE_1_D06_TCCTGAGC-GCATCGTT,TAGTGAATGCCAAATCTGGTTTTACC,18,CTGCAAATCGTCAATGCAATTGATTG,CTGCAAATCGTCAATGCAATTGATTG,15;1,CTGCAAATCGTCAATGCAATTGATTG
GlyEtOH_1N_GE_1_H08_CAGAGAGG-TGAAACTG,GTAATAAGAAGTAAGATGATTCTATT,10;1,ATGGGAAGCACTAAGAGTGTTGCTGT,ATGGGAAGCACTAAGAGTGTTGCTGT,6;1;1,ATGGGAAGCACTAAGAGTGTTGCTGT
GlyEtOH_1N_GE_1_F08_TAGGCATG-TGAAACTG,GTAATAAGAAGTAAGATGATTCTATT,12,TGCAAAAACTCAAAACTTGTTGCAGT,TGCAAAAACTCAAAACTTGTTGCAGT,13,TGCAAAAACTCAAAACTTGTTGCAGT
GlyEtOH_1N_GE_1_A06_all,CCTCCAACCCGCAACCCTGTTTCGGC,8,AACCAAAACCGGAACTTGGTTGGTCG,AACCAAAACCGGAACTTGGTTGGTCG,7;1,AACCAAAACCGGAACTTGGTTGGTCG
CLM_R2_clones_1N_P1-C2-CGTACTAG-CTCCTTAC_S26_L001,GCATAAAGAAAAAAGAAAGTTTGTTT,1;1;1,TCTCAAAAATATAATTCGCTTGGGAA,ATTTGAATCTCAAAAAGAATTGGCCA,1,ATTTGAATCTCAAAAAGAATTGGCCA
FLC_R2_clones_1N_P1-C12-CCTGAGAT-GTAAGGAG_S36_L004,TAAATAAGTATAAAAAATGTTTATAC,2,TAAATAAGTATAAAAAATGTTTATAC,CATGCAAATGTAAACAACGTTGAACT,1;1,ATACCAAAACTAAACCTGTTTTGGCC
GlyEtOH_1N_GE_2_A04_all,CCTCCAACCCGCAACCCTGTTTCGGC,16,AAATGAAGCGATAAGTCTATTAATGT,AAATGAAGCGATAAGTCTATTAATGT,13,AAATGAAGCGATAAGTCTATTAATGT
GlyEtOH_1N_GE_2_A02_all,CCTCCAACCCGCAACCCTGTTTCGGC,6,AGAACAATGTGTAACAATTTTATTTC,AGAACAATGTGTAACAATTTTATTTC,6,AGAACAATGTGTAACAATTTTATTTC
FLC_R1_clones_1N_P2-B5-AGGAGTCC-TATCCTCT_S113_L008,AGGTGAAGAAAAAATTCCGTTTAGGA,9;2;3;1;1;1,AGGTGAAGAAAAAATTCCGTTTAGGA,CGCCTAATCTCGAAGTCCTTTAAAGG,1;1,CTTAAAAGCGTCAAGGGCCTTTCGGC
FLC_R1_clones_1N_P2-D9-TGCCTCTT-ACTGCATA_S141_L008,CTGGCAAACGTTAACCAAGTTAAGTG,2;1;2;1,AGGTGAAGATAAAAAACCTTTTAGGG,CTGAGAAGATTAAACACCTTTAGGAT,10,ACAAAAAGATATAACAAGCTTGAAGA
FLC_R1_clones_1N_P2-B7-GTAGAGAG-TATCCTCT_S115_L008,TACATAACAAAAAAATCGATTGACAC,4;1;1;1;1;1;1,AGGTGAAGAAAAAATTCCGTTTAGGA,nan,,CTCGCAAGTGCAAATCTGTTTTAGTT
FLC_R1_clones_1N_P2-E8-CAGCCTCG-AAGGAGTA_S152_L008,GACAAAAACGACAAATTCTTTTCAAA,12;1;2;1,AGGTGAAGAAAAAATTCCGTTTAGGA,nan,,ATGGTAAGTCAAAATTTGGTTTAGGA
FLC_R2_clones_1N_P1-E9-TGCCTCTT-AAGGAGTA_S57_L004,CATTGAAGATAAAAAACTTTTTCGGG,5,CGCTAAAGACATAATGTGGTTTGTTG,nan,,CTATCAAGTGGTAACTACATTTATTC
CLM_R2_clones_1N_P1-G12-ATCTCAGG-ATTAGACG_S84_L001,TCTCAAAAATATAATTCGCTTGGGAA,4;1;1;1;1;1,TCTCAAAAATATAATTCGCTTGGGAA,TTGAGAACACGGAACGGTATTTAGTC,1;2,TCTGTAACGGTGAATTTAGTTTGGGG
FLC_2N_Plate2_FLC-P2-C1-ACTCGCTA-ACTCTAGG_S25,TAAGTAATTGACAAATATGTTCATGG,8,TAAGTAATTGACAAATATGTTCATGG,CGATTAATTTATAATTTACTTGGGCT,8,TGATAAAGGATAAAATGAGTTCGATC
FLC_2N_Plate2_FLC-P2-A2-GGAGCTAC-CTAGTCGA_S2,TCCACAATGGATAACACTTTTACCAT,10,GCCCAAATTGGGAAGTGGTTTTACCT,AAGAGAAAACTAAATACTTTTGGACA,10,TTTGGAAGACACAATAAATTTTTAAG
FLC_2N_Plate2_FLC-P2-A3-GCGTAGTA-CTAGTCGA_S3,TAAGTAATTGACAAATATGTTCATGG,14,TAAGTAATTGACAAATATGTTCATGG,AATATAATGAGAAACTTGCTTGCATA,12,TGCTTAAAATGTAAGACCGTTTAGTG
GlyEtOH_1N_rGE-1-F10_S190,CCTCCAACCCGCAACCCTGTTTCGGC,32,CTGTGAAAAGCGAACTTTGTTATATA,CTGTGAAAAGCGAACTTTGTTATATA,21,CTGTGAAAAGCGAACTTTGTTATATA
GlyEtOH_1N_GE_1_B02_all,ACGCAAATACATAACAAGCTTCAAAT,27,GTAGTAACAATAAATACTTTTTGCCA,GTAGTAACAATAAATACTTTTTGCCA,26,GTAGTAACAATAAATACTTTTTGCCA
CLM_R2_clones_1N_P1-E4-TCCTGAGC-TACTCCTT_S52_L001,TCTCAAAAATATAATTCGCTTGGGAA,10;10;7;6;4;2;4;2;1;1;2;1;3;3;1;2;1;1;2;1;3;1;1;1;1,ABSENT,ACTATAATTCTTAAGCCTCTTTCGAA,6;7;1,TAGATAAAACACAATGACGTTTCGGT
FLC_R1_clones_1N_P1-H7-GAGCGCTA-TTATGCGA_S91_L008,TCAAAAAAACACAATTTCGTTGGGTA,1;1;1;1;1,0,TCGCGAACAGGAAAGATGATTGCGAC,1;1;1;1;1;1,ABSENT
GlyEtOH_1N_GE_1_D01_all,TAGTGAATGCCAAATCTGGTTTTACC,20,CAGGTAAGACCAAATGCGTTTTAATA,CAGGTAAGACCAAATGCGTTTTAATA,26,CAGGTAAGACCAAATGCGTTTTAATA
GlyEtOH_1N_GE_1_F06_TAGGCATG-GCATCGTT,GTAATAAGAAGTAAGATGATTCTATT,11,CGGTAAACAGTGAATCATGTTTCTTA,CGGTAAACAGTGAATCATGTTTCTTA,12;1;1,CGGTAAACAGTGAATCATGTTTCTTA
GlyEtOH_1N_rGE-1-H10_S192,CCTCCAACCCGCAACCCTGTTTCGGC,24,ATGTCAAAATGAAACTTAGTTACTGT,ATGTCAAAATGAAACTTAGTTACTGT,20,ATGTCAAAATGAAACTTAGTTACTGT
GlyEtOH_1N_GE_1_B12_all,GTAATAAGAAGTAAGATGATTCTATT,30,CAGAAAAATAGAAAATTATTTCGGTA,CAGAAAAATAGAAAATTATTTCGGTA,30,CAGAAAAATAGAAAATTATTTCGGTA
FLC_2N_Plate3_FLC-P3-A12-ATCTCAGG-ATAGAGAG_S6,TAAGTAATTGACAAATATGTTCATGG,17,TAAGTAATTGACAAATATGTTCATGG,GAGCTAACCATTAAGTAGGTTGCTAA,13,ATCGAAATTTTAAATGACGTTGATAG
FLC_R2_clones_1N_P2-B12-CCTGAGAT-TATCCTCT_S24_L005,AGGTGAAGAAAAAATTCCGTTTAGGA,15,AGGTGAAGAAAAAATTCCGTTTAGGA,TTATGAATTCGGAAAACTGTTCTTGA,10,TTATGAATTCGGAAAACTGTTCTGGA
FLC_R2_clones_1N_P2-A10-TCCTCTAC-CTCTCTAT_S10_L005,AGGTGAAGAAAAAATTCCGTTTAGGA,6,AGGTGAAGAAAAAATTCCGTTTAGGA,TACAAAAATTCTAACGTCCTTAGCTT,9,CTTAAAACATGCAAGGAATTTCGATT
FLC_2N_Plate2_FLC-P2-B1-ACTCGCTA-AGCTAGAA_S13,TCCACAATGGATAACACTTTTACCAT,16,TAAGTAATTGACAAATATGTTCATGG,CGGTCAACAGGTAATCATGTTAAGTA,15,GCCGTAAAACGTAATTTGGTTATTAT
GlyEtOH_1N_GE_1_B06_all,CCCCCAACCCCCAACCCCGTTCTCCT,15,AGAGCAAACAAGAAGAATCTTAGATT,AGAGCAAACAAGAAGAATCTTAGATT,17,AGAGCAAACAAGAAGAATCTTAGATT
GlyEtOH_1N_rGE-1-D10_S188,GTAATAAGAAGTAAGATGATTCTATT,34,TCGGAAAACCAGAAGTGCGTTAGGCG,TCGGAAAACCAGAAGTGCGTTAGGCG,30,TCGGAAAACCAGAAGTGCGTTAGGCG
FLC_R2_clones_1N_P2-H7-GTAGAGAG-TCTCTCCG_S91_L005,AGGTGAAGAAAAAATTCCGTTTAGGA,10,AGGTGAAGAAAAAATTCCGTTTAGGA,CCAATAAACACAAATATCTTTATTTA,1;1,TCAACAATTAGCAACGCCCTTCATTA
FLC_2N_Plate2_FLC-P2-C11-TGCAGCTA-ACTCTAGG_S35,TAAGTAATTGACAAATATGTTCATGG,13,TAAGTAATTGACAAATATGTTCATGG,CGAAAAACTTTAAAGTATGTTATTGT,11,CCGGAAAACCAGAAACTGTTTCTATG
FLC_2N_Plate2_FLC-P2-D10-CGATCAGT-TCTTACGC_S46,TAAGTAATTGACAAATATGTTCATGG,13,TAAGTAATTGACAAATATGTTCATGG,TTATGAACTGGTAATCAGTTTTATAC,21,CCGGAAAACCAGAAACTGTTTCTATG
FLC_2N_Plate2_FLC-P2-E5-TACGCTGC-CTTAATAG_S53,TAAGTAATTGACAAATATGTTCATGG,15,AAAACAAGAAAAAAAATGATTAATAG,AGCAAAATATGTAAACGATTTTTGGT,20,AATAAAATCGCGAAGGTGCTTCTCAA
FLC_R2_clones_1N_P2-A2-CTAGTACG-CTCTCTAT_S2_L005,TAAATAAGTATAAAAAATGTTTATAC,6,TAAATAAGTATAAAAAATGTTTATAC,CCGTGCAAGATCGAAGAAGGTTCAGAC,13,CGTGCAAGATCGAAGAAGGTTCAGAC
FLC_R2_clones_1N_P2-C5-AGGAGTCC-GTAAGGAG_S29_L005,AGGTGAAGAAAAAATTCCGTTTAGGA,6,AGGTGAAGAAAAAATTCCGTTTAGGA,AACCTAAGCTTCAATATAATTTCCCT,6;2,AAAAAAAGATGTAAGCTACTTAGTTT
FLC_R2_clones_1N_P2-C10-TCCTCTAC-GTAAGGAG_S34_L005,AGGTGAAGAAAAAATTCCGTTTAGGA,12,CGCTAAAGACATAATGTGGTTTGTTG,AACGAAAATTTCAAAACTATTGATCT,7,AACGAAAATTTCAAAACTATTGATCT
GlyEtOH_1N_GE_2_A07_all,CGTATAAAGCGCAACACTGTTGATCG,8,ATGAGAATTACAAACCTGGTTACGGA,ATGAGAATTACAAACCTGGTTACGGA,8,ATGAGAATTACAAACCTGGTTACGGA
GlyEtOH_1N_GE_1_C11_all,GTAATAAGAAGTAAGATGATTCTATT,29,GTCATAATTTTTAAAATAATTAAACC,GTCATAATTTTTAAAATAATTAAACC,35,GTCATAATTTTTAAAATAATTAAACC
FLC_2N_Plate2_FLC-P2-E10-CGATCAGT-CTTAATAG_S58,TAAGTAATTGACAAATATGTTCATGG,24,TAAGTAATTGACAAATATGTTCATGG,TACTCAATGCCGAATAAGCTTCCCGG,22,TATTCAAACTGGAATTTTTTTGCGGG
GlyEtOH_1N_GE_1_A05_all,GTAATAAGAAGTAAGATGATTCTATT,42,GACCCAATTAGTAACGGCGTTCGGGG,GACCCAATTAGTAACGGCGTTCGGGG,39,GACCCAATTAGTAACGGCGTTCGGGG
GlyEtOH_1N_GE_1_G07_all,CCTCCAACCCGCAACCCTGTTTCGGC,26,GGCTCAAGTGAAAATACTATTAGCGC,GGCTCAAGTGAAAATACTATTAGCGC,22;1;1;1,GGCTCAAGTGAAAATACTATTAGCGC
FLC_2N_Plate2_FLC-P2-A1-ACTCGCTA-CTAGTCGA_S1,TCCACAATGGATAACACTTTTACCAT,17,AAAACAAGAAAAAAAATGATTAATAG,GCCCGAAAGGCCAATCCTTTTTTTTA,20,AATAAAATCGCGAAGGTGCTTCTCAA
CLM_R2_clones_1N_P1-D9-AAGAGGCA-TATGCAGT_S45_L001,CCTGCAAGCCCCAACTGGCTTCCCGT,14;1;1;1;1,CCTGCAAGCCCCAACTGGCTTCCCGT,TTGAGAACACGGAACGGTATTTAGTC,2,CTCTTAACATTAAAGTACATTTGTCC
GlyEtOH_1N_GE_1_A07_all,ACGCAAATACATAACAAGCTTCAAAT,33,AATCGAATAATGAAAGGGATTGCGCA,AATCGAATAATGAAAGGGATTGCGCA,49,AATCGAATAATGAAAGGGATTGCGCA
GlyEtOH_1N_GE_2_A08_all,CCCCCAACCCCCAACCCCGTTCTCCT,10,GAGGTAAATGGGAAGCAATTTTGGAT,GAGGTAAATGGGAAGCAATTTTGGAT,16,GAGGTAAATGGGAAGCAATTTTGGAT
CLM_R2_clones_1N_P1-E5-GGACTCCT-TACTCCTT_S53_L001,TCTCAAAAATATAATTCGCTTGGGAA,6;1;1;1;1,GATGAAATCTCGAATCGTTTTCTATG,TTGAGAACACGGAACGGTATTTAGTC,3;1,ABSENT
FLC_2N_Plate2_FLC-P2-F12-TCGACGTC-ATAGCCTT_S72,TAAGTAATTGACAAATATGTTCATGG,16,TAAGTAATTGACAAATATGTTCATGG,ATCATAACATTAAACGTGTTTAAAGA,10,TTTGGAAGCAGCAATCATTTTACGAT
FLC_2N_Plate1_FLC-F4_S64,TAAGTAATTGACAAATATGTTCATGG,8;1;2;1,TAAGTAATTGACAAATATGTTCATGG,GAAAGAACTACTAAAGGTTTTTCTGA,17,CTGAAAATCGATAACTTGATTTTCTT
FLC_2N_Plate3_FLC-P3-A7-CTCTCTAC-ATAGAGAG_S1,TAAGTAATTGACAAATATGTTCATGG,20,TAAGTAATTGACAAATATGTTCATGG,ATGATAATACTAAATTGTTTTTGATA,17,TGGTAAAAAGACAAATCGATTAGTTA
FLC_2N_Plate2_FLC-P2-E9-CCTAAGAC-CTTAATAG_S57,TCCACAATGGATAACACTTTTACCAT,22,TAAGTAATTGACAAATATGTTCATGG,TCAACAATTTCAAAAGTGGTTGAGTG,24,CACATAATAACGAATAGATTTGAATA
GlyEtOH_1N_GE_1_H02_all,GTAATAAGAAGTAAGATGATTCTATT,32;1,ATAGAAATTCGGAAGCCAGTTGAAAG,ATAGAAATTCGGAAGCCAGTTGAAAG,37,ATAGAAATTCGGAAGCCAGTTGAAAG
GlyEtOH_1N_GE_2_B06_all,TAAATAAAGTCAAACAAATTTTAGTG,36,ATCGGAAGCAAAAACTTTTTTTTACC,ATCGGAAGCAAAAACTTTTTTTTACC,46;1,ATCGGAAGCAAAAACTTTTTTTTACC
GlyEtOH_1N_GE_1_G03_all,GTAATAAGAAGTAAGATGATTCTATT,27,GTTAAAAAGGCGAAAGAAATTACAAC,GTTAAAAAGGCGAAAGAAATTACAAC,40;1,GTTAAAAAGGCGAAAGAAATTACAAC
FLC_2N_Plate2_FLC-P2-E8-ACTGAGCG-CTTAATAG_S56,TAAGTAATTGACAAATATGTTCATGG,21,TAAGTAATTGACAAATATGTTCATGG,TTATTAATAAAGAACCCGGTTTTTAC,17;1,AAGTAAAAAGAAAATAAAATTCTAAA
FLC_2N_Plate2_FLC-P2-F10-CGATCAGT-ATAGCCTT_S70,TAAGTAATTGACAAATATGTTCATGG,20,TAAGTAATTGACAAATATGTTCATGG,TATCTAACGTTAAAATTTCTTGAAAA,14,TGGTAAAAAGACAAATCGATTAGTTA
FLC_R1_clones_1N_P2-D10-TCCTCTAC-ACTGCATA_S142_L008,GACAAAAACGACAAATTCTTTTCAAA,11;2;2;1,CATTGAAGATAAAAAACTTTTTCGGG,nan,,ACAAAAAGATATAACAAGCTTGAAGA
GlyEtOH_1N_GE_1_E05_GGACTCCT-GTCATTGA,GTAATAAGAAGTAAGATGATTCTATT,12,AGTGCAATTATCAATATATTTTGCCC,AGTGCAATTATCAATATATTTTGCCC,9,AGTGCAATTATCAATATATTTTGCCC
GlyEtOH_1N_GE_1_E07_all,TAGTGAATGCCAAATCTGGTTTTACC,44,TGTATAACCTGCAATTACTTTCATGA,TGTATAACCTGCAATTACTTTCATGA,32,TGTATAACCTGCAATTACTTTCATGA
FLC_R1_clones_1N_P1-H5-GCAGCGTA-TTATGCGA_S89_L008,GACAAAAACGACAAATTCTTTTCAAA,5;2;2;1;1,GACAAAAACGACAAATTCTTTTCAAA,TCGCGAACAGGAAAGATGATTGCGAC,3;1,AAAATAATAGTGAATTTTATTGTGGG
GlyEtOH_1N_GE_1_C03_all,GTAATAAGAAGTAAGATGATTCTATT,30,TAAACAAAGCCGAATTGTATTGGGCG,TAAACAAAGCCGAATTGTATTGGGCG,34,TAAACAAAGCCGAATTGTATTGGGCG
GlyEtOH_1N_GE_2_B01_all,GCAGAAAAAGGAAAATCTGTTAAAGC,52;1,CCTTGAAGCTCTAAACTGCTTAAGAT,CCTTGAAGCTCTAAACTGCTTAAGAT,46;1,CCTTGAAGCTCTAAACTGCTTAAGAT
FLC_R1_clones_1N_P1-G2-GTAGCTCC-GAGCCTTA_S74_L008,GACAAAAACGACAAATTCTTTTCAAA,12;4;1;1;1,AGGTGAAGAAAAAATTCCGTTTAGGA,CATGGAAAATAAAATACTTTTGGTTG,2;1,TTGCTAACCCGTAAAATACTTGATCT
FLC_2N_Plate2_FLC-P2-C10-CGATCAGT-ACTCTAGG_S34,TAAGTAATTGACAAATATGTTCATGG,10,TAAGTAATTGACAAATATGTTCATGG,ACCGTAAGACAAAAGTAAATTCTAAG,15,TGCTTAAAATGTAAGACCGTTTAGTG
GlyEtOH_1N_GE_1_B01_all,TAGTGAATGCCAAATCTGGTTTTACC,14,GTGATAAGGGGTAAACTTTTTCGTGC,GTGATAAGGGGTAAACTTTTTCGTGC,11,GTGATAAGGGGTAAACTTTTTCGTGC
FLC_2N_Plate3_FLC-P3-B2-CGTACTAG-AGAGGATA_S8,TAAGTAATTGACAAATATGTTCATGG,21,TAAGTAATTGACAAATATGTTCATGG,TTCAAAAAGGTTAAGACCATTGTGCT,22,GCCGTAAAACGTAATTTGGTTATTAT
FLC_2N_Plate2_FLC-P2-D1-ACTCGCTA-TCTTACGC_S37,TAAGTAATTGACAAATATGTTCATGG,21,TCCACAATGGATAACACTTTTACCAT,TATGCAAAATGTAATGGTGTTTTTCG,13,CCACAAACGTGTAATTAGATTGGTTT
GlyEtOH_1N_rGE-1-G10_S191,TAGTGAATGCCAAATCTGGTTTTACC,21,ATTAGAAGAAATAAGCCTCTTAGCTG,ATTAGAAGAAATAAGCCTCTTAGCTG,26,ATTAGAAGAAATAAGCCTCTTAGCTG
FLC_R1_clones_1N_P2-C9-TGCCTCTT-GTAAGGAG_S129_L008,CATTGAAGATAAAAAACTTTTTCGGG,12;1;1;1;1;1,CATTGAAGATAAAAAACTTTTTCGGG,GTGAAAATCGGTAATGTCTTTATCGT,1,ACAAAAAGATATAACAAGCTTGAAGA
FLC_R1_clones_1N_P1-G1-TAGCGAGT-GAGCCTTA_S73_L008,CATTGAAGATAAAAAACTTTTTCGGG,16;4;2;1;3;1;1,TTCGAAAGAGAAAAATCAGTTAATAG,AAAGGAACTTAAAAACGAATTCAACA,1;1;1;1,TGACAAATAAGAAACCTCGTTATGCC
GlyEtOH_1N_GE_1_A04_all,TAGTGAATGCCAAATCTGGTTTTACC,42;1,TTGGCAACGGCGAATATGGTTCGTCT,TTGGCAACGGCGAATATGGTTCGTCT,44,TTGGCAACGGCGAATATGGTTCGTCT
GlyEtOH_1N_GE_1_B05_all,CCTCCAACCCGCAACCCTGTTTCGGC,14,CTATCAATAAGTAAACATCTTGATCC,CTATCAATAAGTAAACATCTTGATCC,16,CTATCAATAAGTAAACATCTTGATCC
GlyEtOH_1N_GE_1_C01_all,CCCCCAACCCCCAACCCCGTTCTCCT,13,TAATGAATTGCGAAATAGGTTACTCG,TAATGAATTGCGAAATAGGTTACTCG,13,TAATGAATTGCGAAATAGGTTACTCG
GlyEtOH_1N_GE_1_H04_all,GTAATAAGAAGTAAGATGATTCTATT,43,ATGTGAAATAGAAATGTGCTTCAATC,ATGTGAAATAGAAATGTGCTTCAATC,51,ATGTGAAATAGAAATGTGCTTCAATC
GlyEtOH_1N_GE_1_A11_TAAGGCGA-ATCGCGCC,GTAATAAGAAGTAAGATGATTCTATT,7,CATCAAAATAAAAATAGATTTTAGTC,CATCAAAATAAAAATAGATTTTAGTC,7;1;1;1,CATCAAAATAAAAATAGATTTTAGTC
GlyEtOH_1N_GE_1_D11_all,GTAATAAGAAGTAAGATGATTCTATT,19,TATTTAATGTCTAAAGATATTGGCGA,TATTTAATGTCTAAAGATATTGGCGA,32;1;1;1;1;1,TATTTAATGTCTAAAGATATTGGCGA
FLC_2N_Plate2_FLC-P2-B2-GGAGCTAC-AGCTAGAA_S14,TAAGTAATTGACAAATATGTTCATGG,8,TAAGTAATTGACAAATATGTTCATGG,CATTAAACCGCTAATTGTGTTCAGTG,10,AAAGTAAGGCGCAACGACCTTGCGGG
GlyEtOH_1N_GE_1_E09_GGACTCCT-CAATCACA,GTAATAAGAAGTAAGATGATTCTATT,15;1,CTGAAAACGAGCAACGTAATTCTTAA,CTGAAAACGAGCAACGTAATTCTTAA,16,CTGAAAACGAGCAACGTAATTCTTAA
FLC_2N_Plate2_FLC-P2-B4-CGGAGCCT-AGCTAGAA_S16,TAAGTAATTGACAAATATGTTCATGG,14,GCCCAAATTGGGAAGTGGTTTTACCT,TTGAAAATCATAAAGCCAATTGCTCC,13,TTTGGAAGACACAATAAATTTTTAAG
GlyEtOH_1N_GE_1_B09_all,GTAATAAGAAGTAAGATGATTCTATT,26,TTCTTAAACAAAAATACTGTTTACTT,TTCTTAAACAAAAATACTGTTTACTT,34,TTCTTAAACAAAAATACTGTTTACTT
GlyEtOH_1N_GE_1_D09_all,TAGTGAATGCCAAATCTGGTTTTACC,39;1,ATAAAAATCAGTAAATGCTTTACCCG,ATAAAAATCAGTAAATGCTTTACCCG,33,ATAAAAATCAGTAAATGCTTTACCCG
FLC_2N_Plate2_FLC-P2-D12-TCGACGTC-TCTTACGC_S48,TAAGTAATTGACAAATATGTTCATGG,13,TAAGTAATTGACAAATATGTTCATGG,ACTAAAACATAGAACTAGATTTTTAT,19,TATTCAAACTGGAATTTTTTTGCGGG
GlyEtOH_1N_GE_1_E01_all,CGACTAAAATGCAACAGGCTTTAATC,13,TAAAAAACAACGAACGGTGTTTTAGT,TAAAAAACAACGAACGGTGTTTTAGT,14,TAAAAAACAACGAACGGTGTTTTAGT
GlyEtOH_1N_GE_1_H09_CAGAGAGG-CAATCACA,CGTATAAAGCGCAACACTGTTGATCG,18,TTTATAAATCTAAATGCTATTCTGCG,TTTATAAATCTAAATGCTATTCTGCG,22,TTTATAAATCTAAATGCTATTCTGCG
GlyEtOH_2N_20170616_Gly-C9-AAGAGGCA-CTCCTTAC_S33,GGATCAATGGGAAATGGATTTACGTT,23;1,GGATCAATGGGAAATGGATTTACGTT,GCATAAACCAGAAAGGCCTTTTCCA,14;1;1,CGCATAAACCAGAAAGGCCTTTTCCA
FLC_R1_clones_1N_P1-G10-ACTGATCG-GAGCCTTA_S82_L008,CATTGAAGATAAAAAACTTTTTCGGG,8;3;2;1;2;1;1;1,CATTGAAGATAAAAATTTTTTTCGGG,TGCCAAACCTTGAACATAATTCCTTT,1;1;1,ACAAAAAGATATAACAAGCTTGAAGA
GlyEtOH_1N_GE_1_D02_all,GTAATAAGAAGTAAGATGATTCTATT,18,AATACAACAGCAAATCCTGTTTAAGT,AATACAACAGCAAATCCTGTTTAAGT,20,AATACAACAGCAAATCCTGTTTAAGT
FLC_R1_clones_1N_P2-D6-CATGCCTA-ACTGCATA_S138_L008,CGACAAATTAAAAAGCATGTTATGTG,1,CATTGAAGATAAAAAACTTTTTCGGG,nan,,ACAAAAAGATATAACAAGCTTGAAGA
GlyEtOH_1N_GE_1_D03_all,TAGTGAATGCCAAATCTGGTTTTACC,44,CCACAAACCCTCAATGGGTTTGATAT,CCACAAACCCTCAATGGGTTTGATAT,32,CCACAAACCCTCAATGGGTTTGATAT
GlyEtOH_1N_GE_1_G05_CTCTCTAC-GTCATTGA,GTAATAAGAAGTAAGATGATTCTATT,13,TCCAAAATATGTAATAGGGTTTTTAC,TCCAAAATATGTAATAGGGTTTTTAC,4,TCCAAAATATGTAATAGGGTTTTTAC
GlyEtOH_1N_GE_2_B08_CGAGGCTG-TGAAACTG,GTAATAAGAAGTAAGATGATTCTATT,14;1,GAATAAAGAACTAAAAACATTTTGAT,GAATAAAGAACTAAAAACATTTTGAT,11;1,GAATAAAGAACTAAAAACATTTTGAT
GlyEtOH_1N_rGE-1-E10_S189,CCCCCAACCCCCAACCCCGTTCTCCT,19,TAAGGAATCTGCAAAAGATTTGGAGC,TAAGGAATCTGCAAAAGATTTGGAGC,32,TAAGGAATCTGCAAAAGATTTGGAGC
GlyEtOH_1N_GE_1_C06_AGGCAGAA-GCATCGTT,ACGCAAATACATAACAAGCTTCAAAT,13,CACTTAATCAAGAATCTTTTTTTTCA,CACTTAATCAAGAATCTTTTTTTTCA,16;1;1,CACTTAATCAAGAATCTTTTTTTTCA
FLC_2N_Plate2_FLC-P2-D3-GCGTAGTA-TCTTACGC_S39,TAAGTAATTGACAAATATGTTCATGG,16,TAAGTAATTGACAAATATGTTCATGG,AACAAAACTGATAAGCCAGTTCCGAT,18,CACATAATAACGAATAGATTTGAATA
GlyEtOH_1N_GE_1_C02_all,TAGTGAATGCCAAATCTGGTTTTACC,14,CACGGAATTAGTAATAGCGTTATTTT,CACGGAATTAGTAATAGCGTTATTTT,8;1,CACGGAATTAGTAATAGCGTTATTTT
GlyEtOH_1N_rGE-1-B10_S186,TAGTGAATGCCAAATCTGGTTTTACC,25,AACAAAACAGATAAGCCATTTAATGG,AACAAAACAGATAAGCCATTTAATGG,31,AACAAAACAGATAAGCCATTTAATGG
GlyEtOH_1N_GE_1_B07_all,GTAATAAGAAGTAAGATGATTCTATT,18,GCCGCAAAATGGAAGAGCTTTCGCCG,GCCGCAAAATGGAAGAGCTTTCGCCG,21,GCCGCAAAATGGAAGAGCTTTCGCCG
FLC_2N_Plate2_FLC-P2-C3-GCGTAGTA-ACTCTAGG_S27,TAAGTAATTGACAAATATGTTCATGG,27,TAAGTAATTGACAAATATGTTCATGG,GAGGGAATTCTGAACGGTATTCTGAG,25,TATTCAAACTGGAATTTTTTTGCGGG
FLC_R1_clones_1N_P1-F9-GTCTTAGG-AAGGCTAT_S69_L008,GACAAAAACGACAAATTCTTTTCAAA,12;3;4;5;1;1,GGCAAAAGCGACAAATTCTTTTCAAA,ATATTAATACTGAAAACTGTTCCGAG,1,AATAAAAGTGTAAACAAGGTTTGGG
FLC_2N_Plate3_FLC-P3-B6-TAGGCATG-AGAGGATA_S12,TAAGTAATTGACAAATATGTTCATGG,26,TAAGTAATTGACAAATATGTTCATGG,TCGTTAATCAGGAATTGTCTTGTTAT,16,AAAGTAAGGCGCAACGACCTTGCGGG
GlyEtOH_1N_GE_1_E06_GGACTCCT-GCATCGTT,GCAGAAAAAGGAAAATCTGTTAAAGC,10;1,CCGATAACGTTAAAGTTGTTTTGTTG,CCGATAACGTTAAAGTTGTTTTGTTG,9;1;1,CCGATAACGTTAAAGTTGTTTTGTTG
FLC_2N_Plate2_FLC-P2-B10-CGATCAGT-AGCTAGAA_S22,TAAGTAATTGACAAATATGTTCATGG,8,TAAGTAATTGACAAATATGTTCATGG,GTATCAACTTGGAATTTGCTTGACTC,11,TTTGGAAGCAGCAATCATTTTACGAT
FLC_2N_Plate2_FLC-P2-F1-ACTCGCTA-ATAGCCTT_S61,TACATAAACTAAAATACTGTTTGAAT,23,TCCACAATGGATAACACTTTTACCAT,ACACTAAGTTTTAATGGGATTAAACT,21,TCCCTAAACACTAATGCACTTGAAGT
FLC_R1_clones_1N_P1-C10-ACTGATCG-CCTAGAGT_S34_L008,GACAAAAACGACAAATTCTTTTCAAA,19;2;1;1;1;1,AGGTGAAGAAAAAATTCCGTTTAGGA,CTTTTAATGCGTAATCTTATTTATTG,1;1;1,TTGGCAACGGTAAAACGGCTTTAGGG
GlyEtOH_1N_GE_1_D05_all,ACGCAAATACATAACAAGCTTCAAAT,33,TAGAGAAACAGTAAGAAGCTTTTTAA,TAGAGAAACAGTAAGAAGCTTTTTAA,25,TAGAGAAACAGTAAGAAGCTTTTTAA
GlyEtOH_1N_GE_1_H03_all,GTAATAAGAAGTAAGATGATTCTATT,55;1,AACAAAATCAGTAACAAAGTTGCAAA,AACAAAATCAGTAACAAAGTTGCAAA,67;1,AACAAAATCAGTAACAAAGTTGCAAA
GlyEtOH_1N_GE_2_A10_all,TAGTGAATGCCAAATCTGGTTTTACC,9,GTTAGAATCGAAAAGCTTTTTTGAAA,GTTAGAATCGAAAAGCTTTTTTGAAA,16,GTTAGAATCGAAAAGCTTTTTTGAAA
GlyEtOH_1N_GE_1_B08_all,TAGTGAATGCCAAATCTGGTTTTACC,19,GATCAAAATCAAAATAAGGTTTACAG,GATCAAAATCAAAATAAGGTTTACAG,21,GATCAAAATCAAAATAAGGTTTACAG
GlyEtOH_1N_GE_2_B04_CGAGGCTG-TATAGACG,CCTCCAACCCGCAACCCTGTTTCGGC,17,GCGTAAATTGCGAATGTCTTTAAGTT,GCGTAAATTGCGAATGTCTTTAAGTT,18,GCGTAAATTGCGAATGTCTTTAAGTT
FLC_2N_Plate2_FLC-P2-C5-TACGCTGC-ACTCTAGG_S29,TAAGTAATTGACAAATATGTTCATGG,10,TAAGTAATTGACAAATATGTTCATGG,CTTCGAATGTGCAAAGGCTTTTTGGG,15,ATCGAAATTTTAAATGACGTTGATAG
FLC_2N_Plate2_FLC-P2-C7-TAGCGCTC-ACTCTAGG_S31,TAAGTAATTGACAAATATGTTCATGG,10,TAAGTAATTGACAAATATGTTCATGG,ACTCAAACTAGGAAGATTATTTGGTA,6,AGAGGAAGCGGCAATGGGGTTTCGCG
GlyEtOH_1N_GE_1_H07_all,CCTCCAACCCGCAACCCTGTTTCGGC,49;1,AGTTGAACCAAAAACATTATTGTATA,AGTTGAACCAAAAACATTATTGTATA,48;1,AGTTGAACCAAAAACATTATTGTATA
GlyEtOH_1N_GE_1_H01_all,GTAATAAGAAGTAAGATGATTCTATT,43,GAATAAAGTCTAAACAGTTTTATCTG,GAATAAAGTCTAAACAGTTTTATCTG,51;1,GAATAAAGTCTAAACAGTTTTATCTG
FLC_2N_Plate1_FLC-B1_S13,TAAGTAATTGACAAATATGTTCATGG,18;1;1,TAAGTAATTGACAAATATGTTCATGG,AATACAAACATTAAAGGACTTTTATA,1;1;1,GAGCGAATTATTATCCATTTATCGG
GlyEtOH_1N_GE_1_G12_CTCTCTAC-TCGGTTAA,GTAATAAGAAGTAAGATGATTCTATT,11;1,CATCAAAGTACCAAACATGTTCCTCA,CATCAAAGTACCAAACATGTTCCTCA,15;1;1,CATCAAAGTACCAAACATGTTCCTCA
GlyEtOH_1N_GE_2_A03_all,CCCCCAATCCTCAACCCGCTTCGTAC,15;1,AGAATAAGCGTAAAAGAGATTTTACC,AGAATAAGCGTAAAAGAGATTTTACC,13,AGAATAAGCGTAAAAGAGATTTTACC
GlyEtOH_1N_GE_1_C08_AGGCAGAA-TGAAACTG,GTAATAAGAAGTAAGATGATTCTATT,9;1,TGTAGAAGGGGTAACGGCCTTAGACC,TGTAGAAGGGGTAACGGCCTTAGACC,5;1;1,TGTAGAAGGGGTAACGGCCTTAGACC
GlyEtOH_1N_GE_1_G09_CTCTCTAC-CAATCACA,GTAATAAGAAGTAAGATGATTCTATT,13,AAAATAAAGTTGAATGTTATTCTCCG,AAAATAAAGTTGAATGTTATTCTCCG,14;1,AAAATAAAGTTGAATGTTATTCTCCG
FLC_2N_Plate2_FLC-P2-F7-TAGCGCTC-ATAGCCTT_S67,TCCACAATGGATAACACTTTTACCAT,25,TAAGTAATTGACAAATATGTTCATGG,ACGAAAAAATGTAAACGAGTTACCCC,27,CAGCCAATACCGAAACCGATTGTTGT
FLC_2N_Plate3_FLC-P3-D12-ATCTCAGG-TATGCAGT_S24,TAAGTAATTGACAAATATGTTCATGG,29,TAAGTAATTGACAAATATGTTCATGG,TATTTAATACCTAATAGTTTTCATTT,15;10,CAGCCAATACCGAAACCGATTGTTGT
FLC_2N_Plate2_FLC-P2-E4-CGGAGCCT-CTTAATAG_S52,TAAGTAATTGACAAATATGTTCATGG,22,TAAGTAATTGACAAATATGTTCATGG,ACATAAACATTTAACAGTTTTTTATG,26,TGGTAAAAAGACAAATCGATTAGTTA
GlyEtOH_1N_GE_1_A03_all,TAGTGAATGCCAAATCTGGTTTTACC,26;1,TCTCAAACAGGGAAGCCTCTTCGGGT,TCTCAAACAGGGAAGCCTCTTCGGGT,27,TCTCAAACAGGGAAGCCTCTTCGGGT
GlyEtOH_1N_rGE-1-C10_S187,TAGTGAATGCCAAATCTGGTTTTACC,25,GGATGAAACAACAACCTTTTTTAGCC,GGATGAAACAACAACCTTTTTTAGCC,24,GGATGAAACAACAACCTTTTTTAGCC
GlyEtOH_1N_GE_1_B03_all,CGTATAAAGCGCAACACTGTTGATCG,16;1,ATTTAAAGCTATAAGAGGATTAAGAT,ATTTAAAGCTATAAGAGGATTAAGAT,11,ATTTAAAGCTATAAGAGGATTAAGAT
GlyEtOH_1N_GE_1_A09_all,CCTCCAACCCGCAACCCTGTTTCGGC,42,AGGGGAAGTGGTAAGTTCGTTGGAGC,AGGGGAAGTGGTAAGTTCGTTGGAGC,42;1;1,AGGGGAAGTGGTAAGTTCGTTGGAGC
GlyEtOH_1N_GE_1_G08_CTCTCTAC-TGAAACTG,GCAGAAAAAGGAAAATCTGTTAAAGC,18;1,TCAAAAATTTACAAACGAATTGCTAG,TCAAAAATTTACAAACGAATTGCTAG,13,TCAAAAATTTACAAACGAATTGCTAG
GlyEtOH_1N_GE_1_G06_CTCTCTAC-GCATCGTT,ACGCAAATACATAACAAGCTTCAAAT,15,ATACTAACCCCAAAAAGGCTTATAGT,ATACTAACCCCAAAAAGGCTTATAGT,8,ATACTAACCCCAAAAAGGCTTATAGT
FLC_2N_Plate2_FLC-P2-F8-ACTGAGCG-ATAGCCTT_S68,TCCACAATGGATAACACTTTTACCAT,10,TAAGTAATTGACAAATATGTTCATGG,GTTAGAACTTTTAACTGATTTTAGGC,14,AGAGGAAGCGGCAATGGGGTTTCGCG
FLC_2N_Plate3_FLC-P3-F12-ATCTCAGG-AGGCTTAG_S36,TAAGTAATTGACAAATATGTTCATGG,26,TAAGTAATTGACAAATATGTTCATGG,TATTAAACGGATAAAGTCATTCTTAA,45,TGGTAAAAAGACAAATCGATTAGTTA
GlyEtOH_1N_GE_1_H11_all,GTAATAAGAAGTAAGATGATTCTATT,76,GATCAAAAGTTCAATTTGTTTGTACA,GATCAAAAGTTCAATTTGTTTGTACA,89,GATCAAAAGTTCAATTTGTTTGTACA
GlyEtOH_1N_GE_1_C04_all,CCCCCAACCCCCAACCCCGTTCTCCT,28,TAGTGAATTGAAAACGCGTTTGGGGT,TAGTGAATTGAAAACGCGTTTGGGGT,33,TAGTGAATTGAAAACGCGTTTGGGGT
GlyEtOH_1N_GE_1_E11_all,TAGTGAATGCCAAATCTGGTTTTACC,41;1,TACAGAATTAACAACTGATTTTTACA,TACAGAATTAACAACTGATTTTTACA,28;1;1;1;1;1;1;1;1;1;1,TACAGAATTAACAACTGATTTTTACA
GlyEtOH_1N_GE_1_F05_TAGGCATG-GTCATTGA,CCTCCAACCCGCAACCCTGTTTCGGC,21,CCATCAATTTGTAAGCATCTTAGATA,CCATCAATTTGTAAGCATCTTAGATA,15;1,CCATCAATTTGTAAGCATCTTAGATA
FLC_2N_Plate2_FLC-P2-D7-TAGCGCTC-TCTTACGC_S43,TAAGTAATTGACAAATATGTTCATGG,13,TAAGTAATTGACAAATATGTTCATGG,ATGGAAAATATGAACTAGGTTGGTGG,15,TTCTGAAGCAGTAAAGGCCTTTTAAC
FLC_2N_Plate3_FLC-P3-B12-ATCTCAGG-AGAGGATA_S12,GCCCAAATTGGGAAGTGGTTTTACCT,55,TAAGTAATTGACAAATATGTTCATGG,nan,,TGATAAAGGATAAAATGAGTTCGATC
FLC_2N_Plate3_FLC-P3-D2-CGTACTAG-TATGCAGT_S20,TAAGTAATTGACAAATATGTTCATGG,14,TAAGTAATTGACAAATATGTTCATGG,AACAGAAGCACAAATGTAATTTAGTC,26,AAAGTAAGGCGCAACGACCTTGCGGG
FLC_2N_Plate2_FLC-P2-F3-GCGTAGTA-ATAGCCTT_S63,TAAGTAATTGACAAATATGTTCATGG,21,TAAGTAATTGACAAATATGTTCATGG,CGACAAACCACCAACTGCATTTATTG,38;1,TGGTAAAAAGACAAATCGATTAGTTA
GlyEtOH_1N_GE_1_A02_all,GTAATAAGAAGTAAGATGATTCTATT,20,TCTTTAAACGCAAAGACGCTTGGTGT,TCTTTAAACGCAAAGACGCTTGGTGT,26;1;1,TCTTTAAACGCAAAGACGCTTGGTGT
GlyEtOH_1N_GE_1_E12_all,GTAATAAGAAGTAAGATGATTCTATT,39,TCGCTAAATACTAAATGAGTTTGCTT,TCGCTAAATACTAAATGAGTTTGCTT,27,TCGCTAAATACTAAATGAGTTTGCTT
GlyEtOH_1N_GE_2_A05_all,GTAATAAGAAGTAAGATGATTCTATT,11;1,CCAAAAATATTAAATTGATTTGACAA,CCAAAAATATTAAATTGATTTGACAA,10,CCAAAAATATTAAATTGATTTGACAA
GlyEtOH_1N_GE_1_H05_all,GTAATAAGAAGTAAGATGATTCTATT,58,TTTCCAAACTGTAATTATATTCCACA,TTTCCAAACTGTAATTATATTCCACA,75,TTTCCAAACTGTAATTATATTCCACA
GlyEtOH_1N_GE_1_E03_all,GTAATAAGAAGTAAGATGATTCTATT,30,TCACGAACTCGAAAGACAATTATAAA,TCACGAACTCGAAAGACAATTATAAA,27,TCACGAACTCGAAAGACAATTATAAA
GlyEtOH_1N_GE_1_D08_all,CCTCCAACCCGCAACCCTGTTTCGGC,31,TGACTAATGATAAAGTTAGTTCCGCC,TGACTAATGATAAAGTTAGTTCCGCC,31,TGACTAATGATAAAGTTAGTTCCGCC
FLC_2N_Plate3_FLC-P3-G12-ATCTCAGG-ATTAGACG_S42,TAAGTAATTGACAAATATGTTCATGG,50;1,TAAGTAATTGACAAATATGTTCATGG,ACATAAAAATATAAGGCGCTTTCAAT,43;2;2;1;1,TGTGTAAAACATAATGCAATTACTGA
GlyEtOH_1N_GE_1_G01_all,GTAATAAGAAGTAAGATGATTCTATT,42,CACAAAATCTATAAACGAATTTAGTG,CACAAAATCTATAAACGAATTTAGTG,51;1;1,CACAAAATCTATAAACGAATTTAGTG
GlyEtOH_1N_GE_2_B02_all,GTAATAAGAAGTAAGATGATTCTATT,22,TACCAAATAGGGAATGTTTTTTATTC,TACCAAATAGGGAATGTTTTTTATTC,29,TACCAAATAGGGAATGTTTTTTATTC
GlyEtOH_1N_GE_2_B03_CGAGGCTG-GATGACGG,GTAATAAGAAGTAAGATGATTCTATT,10;1,GATAAAAAGACAAATGCGATTTAGGG,GATAAAAAGACAAATGCGATTTAGGG,7;1,GATAAAAAGACAAATGCGATTTAGGG
GlyEtOH_1N_GE_1_D04_all,TAGTGAATGCCAAATCTGGTTTTACC,28;1,CCTAAAATACAGAAAACCTTTTTGCA,CCTAAAATACAGAAAACCTTTTTGCA,31,CCTAAAATACAGAAAACCTTTTTGCA
FLC_2N_Plate3_FLC-P3-E12-ATCTCAGG-TACTCCTT_S30,TAAGTAATTGACAAATATGTTCATGG,43,TAAGTAATTGACAAATATGTTCATGG,ATGCTAATTGATAACTGTCTTTTTTA,41,TATTCAAACTGGAATTTTTTTGCGGG
GlyEtOH_1N_GE_1_F07_TAGGCATG-AGGTTGAC,CCTCCAACCCGCAACCCTGTTTCGGC,14,AAGTAAATCAAGAACGTCATTAAGCT,AAGTAAATCAAGAACGTCATTAAGCT,8,AAGTAAATCAAGAACGTCATTAAGCT
FLC_2N_Plate3_FLC-P3-D7-CTCTCTAC-TATGCAGT_S19,TAAGTAATTGACAAATATGTTCATGG,41,TAAGTAATTGACAAATATGTTCATGG,ACGCGAATGCGTAAAGATTTTTGTGG,66;1,CAGCCAATACCGAAACCGATTGTTGT
GlyEtOH_1N_GE_1_F01_all,GTAATAAGAAGTAAGATGATTCTATT,32;1,CCAATAAAACTGAACTCGTTTACCAG,CCAATAAAACTGAACTCGTTTACCAG,42;1;1,CCAATAAAACTGAACTCGTTTACCAG
GlyEtOH_1N_GE_2_A06_all,GTAATAAGAAGTAAGATGATTCTATT,6,AGTGCAATTATCAATATATTTTGCCC,AGTGCAATTATCAATATATTTTGCCC,7,AGTGCAATTATCAATATATTTTGCCC
GlyEtOH_1N_GE_1_A12_all,GTAATAAGAAGTAAGATGATTCTATT,32;1,GGGCAAAAGCTTAATCAAATTGCACG,GGGCAAAAGCTTAATCAAATTGCACG,37;1,GGGCAAAAGCTTAATCAAATTGCACG
FLC_2N_Plate2_FLC-P2-D5-TACGCTGC-TCTTACGC_S41,GCCCAAATTGGGAAGTGGTTTTACCT,14,TAAGTAATTGACAAATATGTTCATGG,GATCCAAAAATAAATTAGGTTGTCTT,12,AATCTAAGTACTAAACCTCTTTATAA
GlyEtOH_1N_GE_1_F09_TAGGCATG-CAATCACA,CCTCCAACCCGCAACCCTGTTTCGGC,11,AAAACAACAGTCAAAGTAATTCTATA,AAAACAACAGTCAAAGTAATTCTATA,6;1;1,AAAACAACAGTCAAAGTAATTCTATA
FLC_2N_Plate2_FLC-P2-C2-GGAGCTAC-ACTCTAGG_S26,TAAGTAATTGACAAATATGTTCATGG,12,TAAGTAATTGACAAATATGTTCATGG,GTATTAACTCGGAATCCCCTTTGCAT,10,ATCGTAATCATAAAGAGAGTTTCGGT
GlyEtOH_1N_GE_1_C05_AGGCAGAA-GTCATTGA,GTAATAAGAAGTAAGATGATTCTATT,16,ATTGTAAATAGAAAGAACGTTTTGTC,ATTGTAAATAGAAAGAACGTTTTGTC,20;1,ATTGTAAATAGAAAGAACGTTTTGTC
GlyEtOH_1N_GE_2_A01_all,GTAATAAGAAGTAAGATGATTCTATT,16,TTCGGAACTTGAAAGGTCTTTGATTT,TTCGGAACTTGAAAGGTCTTTGATTT,14,TTCGGAACTTGAAAGGTCTTTGATTT
FLC_2N_Plate2_FLC-P2-D6-ATGCGCAG-TCTTACGC_S42,TAAGTAATTGACAAATATGTTCATGG,12,TAAGTAATTGACAAATATGTTCATGG,AAGCTAAAAAATAAAGGTTTTCGACT,10,TGCTTAAAATGTAAGACCGTTTAGTG
GlyEtOH_1N_GE_1_E08_GGACTCCT-TGAAACTG,TAGTGAATGCCAAATCTGGTTTTACC,14;1,AGAGAAAGCTCAAACGGTTTTTGTGT,AGAGAAAGCTCAAACGGTTTTTGTGT,11,AGAGAAAGCTCAAACGGTTTTTGTGT
GlyEtOH_1N_GE_1_A01_all,ACGCAAATACATAACAAGCTTCAAAT,41;1,CGACGAATTTCTAATTCCGTTTGGGT,CGACGAATTTCTAATTCCGTTTGGGT,47;1;1;1;1,CGACGAATTTCTAATTCCGTTTGGGT
FLC_2N_Plate2_FLC-P2-F2-GGAGCTAC-ATAGCCTT_S62,TAAGTAATTGACAAATATGTTCATGG,18,TAAGTAATTGACAAATATGTTCATGG,CTATGAAAACTTAATAGTATTATACG,19,CACATAATAACGAATAGATTTGAATA
FLC_2N_Plate3_FLC-P3-E10-GTAGAGGA-TACTCCTT_S28,TAAGTAATTGACAAATATGTTCATGG,30,TAAGTAATTGACAAATATGTTCATGG,TTGCTAATAACGAAGTGGTTTTTTGG,27;1,CATGAAATGGTTAACATTGTTTCAAT
FLC_2N_Plate3_FLC-P3-C6-TAGGCATG-CTCCTTAC_S18,TAAGTAATTGACAAATATGTTCATGG,24,TAAGTAATTGACAAATATGTTCATGG,GGCGAAAACCCGAAAGCGTTTCGATC,33,TATTCAAACTGGAATTTTTTTGCGGG
FLC_2N_Plate3_FLC-P3-C4-TCCTGAGC-CTCCTTAC_S16,TAAGTAATTGACAAATATGTTCATGG,11,TAAGTAATTGACAAATATGTTCATGG,AACTAAAAACGCAATTTTTTTACTTC,18,CTGAAAATCGATAACTTGATTTTCTT
GlyEtOH_1N_GE_1_G04_all,CCTCCAACCCGCAACCCTGTTTCGGC,45;1,GCCAAAAGAATAAAGCACTTTATCTC,GCCAAAAGAATAAAGCACTTTATCTC,35;1;1,GCCAAAAGAATAAAGCACTTTATCTC
GlyEtOH_1N_GE_1_D07_all,GTAATAAGAAGTAAGATGATTCTATT,35;1,ATAGAAAATTTCAATGGGATTATGCT,ATAGAAAATTTCAATGGGATTATGCT,36;1;1;1,ATAGAAAATTTCAATGGGATTATGCT
FLC_2N_Plate3_FLC-P3-D6-TAGGCATG-TATGCAGT_S24,TAAGTAATTGACAAATATGTTCATGG,8,TAAGTAATTGACAAATATGTTCATGG,GTCCCAAGGTATAAAGAGTTTGATAG,15,TTTGGAAGCAGCAATCATTTTACGAT
FLC_2N_Plate3_FLC-P3-A1-TAAGGCGA-ATAGAGAG_S1,TAAGTAATTGACAAATATGTTCATGG,27,AAAACAAGAAAAAAAATGATTAATAG,AAGACAACATATAAATATTTTTGCAT,30,AATAAAATCGCGAAGGTGCTTCTCAA
FLC_2N_Plate3_FLC-P3-C3-AGGCAGAA-CTCCTTAC_S15,TAAGTAATTGACAAATATGTTCATGG,34,AAAACAAGAAAAAAAATGATTAATAG,TTTGAAACTATTAACCATGTTGGAGC,38;1,AATAAAATCGCGAAGGTGCTTCTCAA
FLC_2N_Plate3_FLC-P3-F8-CGAGGCTG-AGGCTTAG_S32,TAAGTAATTGACAAATATGTTCATGG,12,TAAGTAATTGACAAATATGTTCATGG,AAGTGAACTGATAATGGGATTTGGCG,18;1,TGGTAAAAAGACAAATCGATTAGTTA
FLC_2N_Plate3_FLC-P3-A10-GTAGAGGA-ATAGAGAG_S4,TAAGTAATTGACAAATATGTTCATGG,51,TAAGTAATTGACAAATATGTTCATGG,GACCCAAACTCCAAGCATGTTTCAAG,56,TATTCAAACTGGAATTTTTTTGCGGG
FLC_2N_Plate3_FLC-P3-G3-AGGCAGAA-ATTAGACG_S39,TAAGTAATTGACAAATATGTTCATGG,10,TAAGTAATTGACAAATATGTTCATGG,GAATGAAATTAGAAGGGTTTTCTCAT,9;3;1,TTCTGAAGCAGTAAAGGCCTTTTAAC
FLC_2N_Plate2_FLC-P2-C12-TCGACGTC-ACTCTAGG_S36,TAAGTAATTGACAAATATGTTCATGG,16,TCCACAATGGATAACACTTTTACCAT,TCGTCAACCAGGAAGTTTCTTGTGCG,17,CCACAAACGTGTAATTAGATTGGTTT
FLC_2N_Plate3_FLC-P3-D9-AAGAGGCA-TATGCAGT_S21,TAAGTAATTGACAAATATGTTCATGG,24;1,TAAGTAATTGACAAATATGTTCATGG,ATAGGAATCGGCAATAGTGTTGAAGG,23,AGCTAAAATTTCAAGCTCCTTTTATT
FLC_2N_Plate2_FLC-P2-E3-GCGTAGTA-CTTAATAG_S51,TAAGTAATTGACAAATATGTTCATGG,31,TAAGTAATTGACAAATATGTTCATGG,ATAGAAACAATTAAAGCCCTTAAACT,13,TGCTTAAAATGTAAGACCGTTTAGTG
FLC_2N_Plate3_FLC-P3-B4-TCCTGAGC-AGAGGATA_S10,TCCACAATGGATAACACTTTTACCAT,28,TCCACAATGGATAACACTTTTACCAT,CGGGCAAGGGTAAAACGGGTTGGGGG,47;1,CCACAAACGTGTAATTAGATTGGTTT
FLC_2N_Plate3_FLC-P3-F2-CGTACTAG-AGGCTTAG_S32,TAAGTAATTGACAAATATGTTCATGG,23;1,TAAGTAATTGACAAATATGTTCATGG,AAACCAATGATAAATTTTGTTGAAAT,22;1,CACATAATAACGAATAGATTTGAATA
FLC_2N_Plate3_FLC-P3-A5-GGACTCCT-ATAGAGAG_S5,TAAGTAATTGACAAATATGTTCATGG,29,TAAGTAATTGACAAATATGTTCATGG,CAACCAATCCGTAACCACCTTTATAG,25,TGGTAAAAAGACAAATCGATTAGTTA
FLC_2N_Plate3_FLC-P3-A3-AGGCAGAA-ATAGAGAG_S3,TAAGTAATTGACAAATATGTTCATGG,7,TAAGTAATTGACAAATATGTTCATGG,TTTTGAAGAACTAAGCCCGTTCTGTG,12,TTCTGAAGCAGTAAAGGCCTTTTAAC
FLC_2N_Plate3_FLC-P3-B8-CGAGGCTG-AGAGGATA_S8,TAAGTAATTGACAAATATGTTCATGG,30,TAAGTAATTGACAAATATGTTCATGG,GCGGAAATTAGCAAGGGGGTTGGGGG,27,AGCTAAAATTTCAAGCTCCTTTTATT
FLC_2N_Plate3_FLC-P3-E2-CGTACTAG-TACTCCTT_S26,TAAGTAATTGACAAATATGTTCATGG,27,TAAGTAATTGACAAATATGTTCATGG,ACACGAAGCGACAAACAGCTTGTCTC,36,ATCGTAATCATAAAGAGAGTTTCGGT
FLC_2N_Plate3_FLC-P3-C1-TAAGGCGA-CTCCTTAC_S13,TAAGTAATTGACAAATATGTTCATGG,17,TAAGTAATTGACAAATATGTTCATGG,CCGATAATAAATAAGCTAATTTGCAG,18,ATAATAATGACCAAAGAACTTATGGG
FLC_2N_Plate3_FLC-P3-F1-TAAGGCGA-AGGCTTAG_S31,TAAGTAATTGACAAATATGTTCATGG,56,TAAGTAATTGACAAATATGTTCATGG,TAGGAAAGTTTTAATCTGCTTGAACA,61,TTCTGAAGCAGTAAAGGCCTTTTAAC
FLC_2N_Plate3_FLC-P3-G10-GTAGAGGA-ATTAGACG_S40,TAAGTAATTGACAAATATGTTCATGG,37,GCCCAAATTGGGAAGTGGTTTTACCT,TAGGCAAATCGCAAGACCGTTTTAGG,37,TTTGGAAGACACAATAAATTTTTAAG
FLC_2N_Plate3_FLC-P3-B5-GGACTCCT-AGAGGATA_S11,TAAGTAATTGACAAATATGTTCATGG,49,TAAGTAATTGACAAATATGTTCATGG,TTGTGAAAGAGTAAAGGGTTTACAGT,41;1;1,TTTGGAAGCAGCAATCATTTTACGAT
FLC_2N_Plate3_FLC-P3-E4-TCCTGAGC-TACTCCTT_S28,TAAGTAATTGACAAATATGTTCATGG,7,TAAGTAATTGACAAATATGTTCATGG,ACATGAATTAGAAAAGTCGTTTCTGC,12;1,TGGTAAAAAGACAAATCGATTAGTTA
FLC_2N_Plate3_FLC-P3-F3-AGGCAGAA-AGGCTTAG_S33,TAAGTAATTGACAAATATGTTCATGG,61,TAAGTAATTGACAAATATGTTCATGG,GAGTAAATATAAAAGGGAATTTTTTT,81;1,TGGTAAAAAGACAAATCGATTAGTTA
FLC_2N_Plate3_FLC-P3-E11-GCTCATGA-TACTCCTT_S29,CCAGCAACCCGGAACCGCGTTGCCCC,46;1,TAAGTAATTGACAAATATGTTCATGG,CCATAAACGGCAAATGGTTTTTATTG,38,CAGCCAATACCGAAACCGATTGTTGT
FLC_2N_Plate3_FLC-P3-A2-CGTACTAG-ATAGAGAG_S2,TAAGTAATTGACAAATATGTTCATGG,14,TCCACAATGGATAACACTTTTACCAT,TCCCGAAGAGCGAAACATATTCCGAT,13,CCACAAACGTGTAATTAGATTGGTTT
FLC_2N_Plate3_FLC-P3-E5-GGACTCCT-TACTCCTT_S29,TAAGTAATTGACAAATATGTTCATGG,41,TAAGTAATTGACAAATATGTTCATGG,TATCTAAGTTTCAAGAGAATTGACAT,39;3,TGTGTAAAACATAATGCAATTACTGA
FLC_2N_Plate3_FLC-P3-B9-AAGAGGCA-AGAGGATA_S9,TAAGTAATTGACAAATATGTTCATGG,35,TAAGTAATTGACAAATATGTTCATGG,AGTAGAAACTTGAAGCTTATTAAGCT,45;1,TGGTAAAAAGACAAATCGATTAGTTA
FLC_2N_Plate3_FLC-P3-C11-GCTCATGA-CTCCTTAC_S17,TAAGTAATTGACAAATATGTTCATGG,18,TAAGTAATTGACAAATATGTTCATGG,ATGACAATTCAAAAAGAGATTAGTAG,19;2,CACATAATAACGAATAGATTTGAATA
FLC_2N_Plate3_FLC-P3-C12-ATCTCAGG-CTCCTTAC_S18,TAAGTAATTGACAAATATGTTCATGG,28;1,GCCCAAATTGGGAAGTGGTTTTACCT,CAACCAACCCGTAAATGCATTTTGCG,39,TTTGGAAGACACAATAAATTTTTAAG
FLC_2N_Plate3_FLC-P3-B1-TAAGGCGA-AGAGGATA_S7,TAAGTAATTGACAAATATGTTCATGG,14,TAAGTAATTGACAAATATGTTCATGG,GGGATAATGGGTAACGGTCTTCTTGA,14,TTCTGAAGCAGTAAAGGCCTTTTAAC
FLC_2N_Plate3_FLC-P3-E7-CTCTCTAC-TACTCCTT_S25,TAAGTAATTGACAAATATGTTCATGG,26,AAAACAAGAAAAAAAATGATTAATAG,TTAGTAATCAAAAAGTCAATTTTTCG,26;1,AATAAAATCGCGAAGGTGCTTCTCAA
FLC_2N_Plate3_FLC-P3-E3-AGGCAGAA-TACTCCTT_S27,TAAGTAATTGACAAATATGTTCATGG,40,TAAGTAATTGACAAATATGTTCATGG,TCATTAATCCAGAACGAGTTTGATGC,43;1,TTCTGAAGCAGTAAAGGCCTTTTAAC
FLC_2N_Plate3_FLC-P3-A9-AAGAGGCA-ATAGAGAG_S3,TAAGTAATTGACAAATATGTTCATGG,43,TAAGTAATTGACAAATATGTTCATGG,CCCGCAAGGGAGAAAAGAGTTGTGGG,42,CCGGAAAACCAGAAACTGTTTCTATG
FLC_2N_Plate3_FLC-P3-G6-TAGGCATG-ATTAGACG_S42,TAAGTAATTGACAAATATGTTCATGG,40,TAAGTAATTGACAAATATGTTCATGG,CAACGTAATCGAAAATAACTTTTAGAG,52,CCGGAAAACCAGAAACTGTTTCTATG
FLC_2N_Plate3_FLC-P3-E9-AAGAGGCA-TACTCCTT_S27,TAAGTAATTGACAAATATGTTCATGG,40,TAAGTAATTGACAAATATGTTCATGG,TTGCTAATAACGAAGTGGTTTTTTGG,44;1,ATCGAAATTTTAAATGACGTTGATAG
FLC_2N_Plate3_FLC-P3-B7-CTCTCTAC-AGAGGATA_S7,TAAGTAATTGACAAATATGTTCATGG,61,TAAGTAATTGACAAATATGTTCATGG,TATTGAAGACAAAAGATGATTCATAA,64,TATTCAAACTGGAATTTTTTTGCGGG
FLC_2N_Plate3_FLC-P3-F7-CTCTCTAC-AGGCTTAG_S31,TAAGTAATTGACAAATATGTTCATGG,42,AAAACAAGAAAAAAAATGATTAATAG,AGGAAAAAATGTAAGCAACTTTTGGT,52,AATAAAATCGCGAAGGTGCTTCTCAA
FLC_2N_Plate3_FLC-P3-D10-GTAGAGGA-TATGCAGT_S22,TAAGTAATTGACAAATATGTTCATGG,14,TAAGTAATTGACAAATATGTTCATGG,CACAAAATGTTTAAGGAGCTTTGTGA,11,ACTATAACAGTTAACTCGTTTTAGAC
FLC_2N_Plate3_FLC-P3-G1-TAAGGCGA-ATTAGACG_S37,TAAGTAATTGACAAATATGTTCATGG,62,TAAGTAATTGACAAATATGTTCATGG,GCGTTAAAATTAAAAGGTTTTATAGG,79;2;1,AAAGTAAGGCGCAACGACCTTGCGGG
FLC_2N_Plate3_FLC-P3-D11-GCTCATGA-TATGCAGT_S23,TAAGTAATTGACAAATATGTTCATGG,46,TAAGTAATTGACAAATATGTTCATGG,CATATAACTGCAAATACTGTTGTCAC,43,TGGTAAAAAGACAAATCGATTAGTTA
FLC_2N_Plate3_FLC-P3-D8-CGAGGCTG-TATGCAGT_S20,TAAGTAATTGACAAATATGTTCATGG,18,TCCACAATGGATAACACTTTTACCAT,TACAAAATTAATAATTGGCTTTCTTT,30,GGTGAAATAAAAAATTACATTGTGAA
FLC_2N_Plate3_FLC-P3-F9-AAGAGGCA-AGGCTTAG_S33,TCCACAATGGATAACACTTTTACCAT,41,TAAGTAATTGACAAATATGTTCATGG,TCTTCAAGCAGAAACGATCTTCCGTA,64,CAGCCAATACCGAAACCGATTGTTGT
FLC_2N_Plate3_FLC-P3-F10-GTAGAGGA-AGGCTTAG_S34,TAAGTAATTGACAAATATGTTCATGG,19,TAAGTAATTGACAAATATGTTCATGG,CTAATAAAGTTTAATGGAATTAGATT,14,CATGAAATGGTTAACATTGTTTCAAT
FLC_2N_Plate3_FLC-P3-E6-TAGGCATG-TACTCCTT_S30,TAAGTAATTGACAAATATGTTCATGG,40,TCCACAATGGATAACACTTTTACCAT,CAGTGAAGAGGGAATACCCTTGGTAA,31;1,GGTGAAATAAAAAATTACATTGTGAA
FLC_2N_Plate3_FLC-P3-E8-CGAGGCTG-TACTCCTT_S26,TAAGTAATTGACAAATATGTTCATGG,16,GCCCAAATTGGGAAGTGGTTTTACCT,AAATAAAATTAAAACAGAGTTTGGTC,32;1,TTTGGAAGACACAATAAATTTTTAAG
FLC_2N_Plate3_FLC-P3-F6-TAGGCATG-AGGCTTAG_S36,TAAGTAATTGACAAATATGTTCATGG,44,GCCCAAATTGGGAAGTGGTTTTACCT,TGATCAAGGCGGAATGATATTTACGT,44,TTTGGAAGACACAATAAATTTTTAAG
FLC_2N_Plate3_FLC-P3-D3-AGGCAGAA-TATGCAGT_S21,TCCACAATGGATAACACTTTTACCAT,30;1;1,AAAACAAGAAAAAAAATGATTAATAG,TTTGAAACTATTAACCATGTTGGAGC,1,AATAAAATCGCGAAGGTGCTTCTCAA
FLC_2N_Plate3_FLC-P3-G9-AAGAGGCA-ATTAGACG_S39,TAAGTAATTGACAAATATGTTCATGG,45;1,TAAGTAATTGACAAATATGTTCATGG,CTGGCAAGCAGGAATCAGGTTAGATG,52;1;1,TATTCAAACTGGAATTTTTTTGCGGG
