directory,file,reads
CLM_2N_Batch2,CLM-2N-R1-2-G6_S70.R1.fastq.gz,456777.0
CLM_2N_Batch2,CLM-2N-R1-2-E7_S42.R1.fastq.gz,646214.0
CLM_2N_Batch2,CLM-2N-R2-2-C3_S90.R1.fastq.gz,1226124.0
CLM_2N_Batch2,CLM-2N-R1-2-C1_S26.R1.fastq.gz,577841.0
CLM_2N_Batch2,CLM-2N-R2-2-D7_S95.R1.fastq.gz,1563018.0
CLM_2N_Batch2,CLM-2N-R2-2-B1_S73.R1.fastq.gz,1560610.0
CLM_2N_Batch2,CLM-2N-R2-2-F2_S85.R1.fastq.gz,1609842.0
CLM_2N_Batch2,CLM-2N-R1-2-F6_S69.R1.fastq.gz,1950051.0
CLM_2N_Batch2,CLM-2N-R1-2-G1_S30.R1.fastq.gz,133833.0
CLM_2N_Batch2,CLM-2N-R2-2-H1_S79.R1.fastq.gz,1052962.0
CLM_2N_Batch2,CLM-2N-R1-2-F1_S29.R1.fastq.gz,1500923.0
CLM_2N_Batch2,CLM-2N-R1-2-H4_S55.R1.fastq.gz,2275492.0
CLM_2N_Batch2,CLM-2N-R1-2-D4_S51.R1.fastq.gz,1042570.0
CLM_2N_Batch2,CLM-2N-R1-2-A1_S24.R1.fastq.gz,1048605.0
CLM_2N_Batch2,CLM-2N-R2-2-C7_S81.R1.fastq.gz,1471338.0
CLM_2N_Batch2,CLM-2N-R1-2-G7_S43.R1.fastq.gz,2361450.0
CLM_2N_Batch2,CLM-2N-R2-2-B3_S89.R1.fastq.gz,1231163.0
CLM_2N_Batch2,CLM-2N-R1-2-G3_S46.R1.fastq.gz,844105.0
CLM_2N_Batch2,CLM-2N-R1-2-A6_S64.R1.fastq.gz,1178657.0
CLM_2N_Batch2,CLM-2N-R2-2-F3_S93.R1.fastq.gz,1559858.0
CLM_2N_Batch2,CLM-2N-R1-2-H1_S31.R1.fastq.gz,638860.0
CLM_2N_Batch2,CLM-2N-R2-2-E1_S76.R1.fastq.gz,2106630.0
CLM_2N_Batch2,CLM-2N-R1-2-H6_S71.R1.fastq.gz,1611062.0
CLM_2N_Batch2,CLM-2N-R1-2-G4_S54.R1.fastq.gz,1113241.0
CLM_2N_Batch2,CLM-2N-R2-2-G1_S78.R1.fastq.gz,883878.0
CLM_2N_Batch2,CLM-2N-R1-2-F2_S37.R1.fastq.gz,1949781.0
CLM_2N_Batch2,CLM-2N-R2-2-D1_S75.R1.fastq.gz,1576077.0
CLM_2N_Batch2,CLM-2N-R1-2-G5_S62.R1.fastq.gz,426620.0
CLM_2N_Batch2,CLM-2N-R2-2-G2_S86.R1.fastq.gz,603987.0
CLM_2N_Batch2,CLM-2N-R2-2-B7_S72.R1.fastq.gz,1828265.0
CLM_2N_Batch2,CLM-2N-R1-2-B4_S49.R1.fastq.gz,1835696.0
CLM_2N_Batch2,CLM-2N-R1-2-C2_S34.R1.fastq.gz,1218029.0
CLM_2N_Batch2,CLM-2N-R1-2-H2_S39.R1.fastq.gz,1504613.0
CLM_2N_Batch2,CLM-2N-R1-2-H7_S61.R1.fastq.gz,1132412.0
CLM_2N_Batch2,CLM-2N-R2-2-H2_S87.R1.fastq.gz,1617636.0
CLM_2N_Batch2,CLM-2N-R2-2-E2_S84.R1.fastq.gz,1663451.0
CLM_2N_Batch2,CLM-2N-R2-2-G3_S94.R1.fastq.gz,1010384.0
CLM_2N_Batch2,CLM-2N-R1-2-A2_S32.R1.fastq.gz,1233063.0
CLM_2N_Batch2,CLM-2N-R2-2-C1_S74.R1.fastq.gz,1331310.0
CLM_2N_Batch2,CLM-2N-R2-2-D2_S83.R1.fastq.gz,1833627.0
CLM_2N_Batch2,CLM-2N-R2-2-A2_S80.R1.fastq.gz,1202878.0
CLM_2N_Batch2,CLM-2N-R1-2-F3_S45.R1.fastq.gz,2274254.0
CLM_2N_Batch2,CLM-2N-R1-2-H3_S47.R1.fastq.gz,1584397.0
CLM_2N_Batch2,CLM-2N-R2-2-E3_S92.R1.fastq.gz,1685838.0
CLM_2N_Batch2,CLM-2N-R2-2-C2_S82.R1.fastq.gz,1167246.0
CLM_2N_Batch2,CLM-2N-R1-2-A8_S63.R1.fastq.gz,1601108.0
CLM_2N_Batch2,CLM-2N-R2-2-A3_S88.R1.fastq.gz,1286581.0
CLM_2N_Batch2,CLM-2N-R1-2-F4_S53.R1.fastq.gz,1444857.0
CLM_2N_Batch2,CLM-2N-R1-2-E2_S36.R1.fastq.gz,3625207.0
CLM_2N_Batch2,CLM-2N-R2-2-D3_S91.R1.fastq.gz,2179625.0
CLM_2N_Batch2,CLM-2N-R1-2-B5_S57.R1.fastq.gz,1470802.0
CLM_2N_Batch2,CLM-2N-R2-2-F1_S77.R1.fastq.gz,1988815.0
CLM_2N_Batch2,CLM-2N-R1-2-B1_S25.R1.fastq.gz,806711.0
CLM_2N_Batch2,CLM-2N-R1-2-D5_S59.R1.fastq.gz,3146169.0
CLM_2N_Batch2,CLM-2N-R1-2-A3_S40.R1.fastq.gz,1566784.0
CLM_2N_Batch2,CLM-2N-R1-2-C4_S50.R1.fastq.gz,1980684.0
CLM_2N_Batch2,CLM-2N-R1-2-B6_S65.R1.fastq.gz,1515422.0
CLM_2N_Batch2,CLM-2N-R1-2-C5_S58.R1.fastq.gz,968674.0
CLM_2N_Batch2,CLM-2N-R1-2-E3_S44.R1.fastq.gz,2259927.0
CLM_2N_Batch2,CLM-2N-R1-2-A4_S48.R1.fastq.gz,1708843.0
CLM_2N_Batch2,CLM-2N-R1-2-B2_S33.R1.fastq.gz,1876649.0
CLM_2N_Batch2,CLM-2N-R1-2-D6_S67.R1.fastq.gz,2126528.0
CLM_2N_Batch2,CLM-2N-R1-2-B7_S27.R1.fastq.gz,1183374.0
CLM_2N_Batch2,CLM-2N-R1-2-E4_S52.R1.fastq.gz,1276275.0
CLM_2N_Batch2,CLM-2N-R1-2-D7_S38.R1.fastq.gz,513974.0
CLM_2N_Batch2,CLM-2N-R1-2-C7_S35.R1.fastq.gz,1684547.0
CLM_2N_Batch2,CLM-2N-R1-2-A5_S56.R1.fastq.gz,1602487.0
CLM_2N_Batch2,CLM-2N-R1-2-E1_S28.R1.fastq.gz,994070.0
CLM_2N_Batch2,CLM-2N-R1-2-B8_S66.R1.fastq.gz,1524871.0
CLM_2N_Batch2,CLM-2N-R1-2-B3_S41.R1.fastq.gz,2152490.0
CLM_2N_Batch2,CLM-2N-R1-2-E5_S60.R1.fastq.gz,2353952.0
CLM_2N_Batch2,CLM-2N-R1-2-E6_S68.R1.fastq.gz,2862396.0
CLM_clones_1N,P1-A10-GTAGAGGA-ATAGAGAG_S10_R1_001.fastq.gz,24.0
FLC_R1_clones_1N,P2-C11-TCATGAGC-GTAAGGAG_S131_L008_R1_001.fastq.gz,21166.0
FLC_R1_clones_1N,P2-G1-TCGCCTTA-CGTCTAAT_S169_L008_R1_001.fastq.gz,15710.0
FLC_R2_clones_1N,P2-E10-TCCTCTAC-AAGGAGTA_S58_L005_R1_001.fastq.gz,9023.0
FLC_R1_clones_1N,P2-A10-TCCTCTAC-CTCTCTAT_S106_L008_R1_001.fastq.gz,92697.0
GlyEtOH_2N_20170616,Gly-H12-ATCTCAGG-CGGAGAGA_S96_R1_001.fastq.gz,11.0
FLC_R2_clones_1N,P1-H2-CTAGTACG-TCTCTCCG_S86_L004_R1_001.fastq.gz,103697.0
GlyEtOH_2N_20170616,Gly-H5-GGACTCCT-CGGAGAGA_S89_R1_001.fastq.gz,45.0
GlyEtOH_2N_20170616,Gly-F12-ATCTCAGG-AGGCTTAG_S72_R1_001.fastq.gz,211.0
GlyEtOH_2N_20170616,Gly-H10-GTAGAGGA-CGGAGAGA_S94_R1_001.fastq.gz,563.0
FLC_2N_Plate2,FLC-P2-H4-CGGAGCCT-TCGCATAA_S88_R1_001.fastq.gz,2.0
GlyEtOH_1N,GE_1_B10_CGTACTAG-ACATGCAA.R1.fastq.gz,79.0
CLM_2N,CLM-D-1-B6_S41.R1.fastq.gz,1535.0
FLC_2N_Plate2,FLC-P2-H9-CCTAAGAC-TCGCATAA_S93_R1_001.fastq.gz,2.0
FLC_2N_Plate2,FLC-P2-G11-TGCAGCTA-TAAGGCTC_S83_R1_001.fastq.gz,801.0
FLC_2N_Plate2,FLC-P2-E7-TAGCGCTC-CTTAATAG_S55_R1_001.fastq.gz,14312.0
FLC_2N_Plate1,FLC-H11_S95_R1_001.fastq.gz,1.0
FLC_2N_Plate2,FLC-P2-H2-GGAGCTAC-TCGCATAA_S86_R1_001.fastq.gz,1.0
FLC_2N_Plate2,FLC-P2-G12-TCGACGTC-TAAGGCTC_S84_R1_001.fastq.gz,14664.0
FLC_2N_Plate2,FLC-P2-H6-ATGCGCAG-TCGCATAA_S90_R1_001.fastq.gz,6.0
FLC_2N_Plate2,FLC-P2-G4-CGGAGCCT-TAAGGCTC_S76_R1_001.fastq.gz,105.0
FLC_2N_Plate2,FLC-P2-G5-TACGCTGC-TAAGGCTC_S77_R1_001.fastq.gz,246.0
FLC_2N_Plate2,FLC-P2-H11-TGCAGCTA-TCGCATAA_S95_R1_001.fastq.gz,3.0
FLC_2N_Plate1,FLC-G9_S81_R1_001.fastq.gz,846.0
FLC_2N_Plate1,FLC-H1_S85_R1_001.fastq.gz,3.0
FLC_2N_Plate2,FLC-P2-D11-TGCAGCTA-TCTTACGC_S47_R1_001.fastq.gz,7852.0
FLC_2N_Plate1,FLC-F10_S70_R1_001.fastq.gz,55927.0
FLC_R1_clones_1N,P1-H8-CGCTCAGT-TTATGCGA_S92_L008_R1_001.fastq.gz,317976.0
FLC_2N_Plate1,FLC-F11_S71_R1_001.fastq.gz,96182.0
FLC_2N_Plate1,FLC-F8_S68_R1_001.fastq.gz,105011.0
FLC_2N_Plate1,FLC-G1_S73_R1_001.fastq.gz,122050.0
FLC_R1_clones_1N,P2-H3-TTCTGCCT-TCTCTCCG_S183_L008_R1_001.fastq.gz,375627.0
FLC_R1_clones_1N,P2-B11-TCATGAGC-TATCCTCT_S119_L008_R1_001.fastq.gz,2778.0
FLC_R1_clones_1N,P1-B2-GTAGCTCC-TTCTAGCT_S14_L008_R1_001.fastq.gz,75.0
FLC_R1_clones_1N,P1-H9-GTCTTAGG-TTATGCGA_S93_L008_R1_001.fastq.gz,366912.0
FLC_R2_clones_1N,P1-H8-CAGCCTCG-TCTCTCCG_S92_L004_R1_001.fastq.gz,313867.0
CLM_R2_clones_1N,P1-F12-ATCTCAGG-AGGCTTAG_S72_L001_R1_001.fastq.gz,80822.0
CLM_2N,CLM-D-1-C1_S32.R1.fastq.gz,235750.0
FLC_R2_clones_1N,P1-H5-AGGAGTCC-TCTCTCCG_S89_L004_R1_001.fastq.gz,351211.0
FLC_R2_clones_1N,P1-E11-TCATGAGC-AAGGAGTA_S59_L004_R1_001.fastq.gz,322151.0
CLM_2N,CLM-D-1-E9_S56.R1.fastq.gz,297968.0
FLC_R2_clones_1N,P1-E4-GCTCAGGA-AAGGAGTA_S52_L004_R1_001.fastq.gz,406688.0
CLM_R2_clones_1N,P1-D1-TAAGGCGA-TATGCAGT_S37_L001_R1_001.fastq.gz,176543.0
FLC_R2_clones_1N,P1-A8-CAGCCTCG-CTCTCTAT_S8_L004_R1_001.fastq.gz,413062.0
FLC_R2_clones_1N,P1-D2-CTAGTACG-ACTGCATA_S38_L004_R1_001.fastq.gz,422260.0
FLC_R1_clones_1N,P2-C1-TCGCCTTA-GTAAGGAG_S121_L008_R1_001.fastq.gz,526973.0
FLC_R1_clones_1N,P1-B6-CTGCGCAT-TTCTAGCT_S18_L008_R1_001.fastq.gz,72.0
FLC_R1_clones_1N,P2-C2-CTAGTACG-GTAAGGAG_S122_L008_R1_001.fastq.gz,512341.0
FLC_R1_clones_1N,P2-C6-CATGCCTA-GTAAGGAG_S126_L008_R1_001.fastq.gz,529924.0
FLC_R2_clones_1N,P1-E5-AGGAGTCC-AAGGAGTA_S53_L004_R1_001.fastq.gz,502662.0
CLM_clones_1N,P2-H7-TAGCGCTC-TCGCATAA_S187_R1_001.fastq.gz,583437.0
FLC_R1_clones_1N,P1-H10-ACTGATCG-TTATGCGA_S94_L008_R1_001.fastq.gz,293696.0
FLC_R2_clones_1N,P1-G3-TTCTGCCT-CGTCTAAT_S75_L004_R1_001.fastq.gz,603245.0
FLC_R2_clones_1N,P1-A10-TCCTCTAC-CTCTCTAT_S10_L004_R1_001.fastq.gz,587809.0
FLC_R1_clones_1N,P2-D2-CTAGTACG-ACTGCATA_S134_L008_R1_001.fastq.gz,635754.0
FLC_2N_Plate3,FLC-P3-B10-GTAGAGGA-AGAGGATA_S10_R1_001.fastq.gz,691210.0
FLC_R2_clones_1N,P1-C6-CATGCCTA-GTAAGGAG_S30_L004_R1_001.fastq.gz,668327.0
FLC_R1_clones_1N,P2-A4-GCTCAGGA-CTCTCTAT_S100_L008_R1_001.fastq.gz,741137.0
FLC_R2_clones_1N,P1-E6-CATGCCTA-AAGGAGTA_S54_L004_R1_001.fastq.gz,662910.0
GlyEtOH_2N_20170616,Gly-C12-ATCTCAGG-CTCCTTAC_S36_R1_001.fastq.gz,571188.0
GlyEtOH_2N_20170616,Gly-H6-TAGGCATG-CGGAGAGA_S90_R1_001.fastq.gz,21.0
FLC_R2_clones_1N,P1-F3-TTCTGCCT-CTAAGCCT_S63_L004_R1_001.fastq.gz,676478.0
GlyEtOH_1N,GE_1_E04_GGACTCCT-TATAGACG.R1.fastq.gz,653864.0
FLC_R1_clones_1N,P2-A1-TCGCCTTA-CTCTCTAT_S97_L008_R1_001.fastq.gz,785017.0
CLM_clones_1N,P2-G8-ACTGAGCG-TAAGGCTC_S176_R1_001.fastq.gz,813843.0
GlyEtOH_1N,GE_1_D06_TCCTGAGC-GCATCGTT.R1.fastq.gz,616199.0
GlyEtOH_1N,GE_1_H08_CAGAGAGG-TGAAACTG.R1.fastq.gz,627680.0
FLC_R1_clones_1N,P2-A3-TTCTGCCT-CTCTCTAT_S99_L008_R1_001.fastq.gz,832824.0
FLC_2N_Plate1,FLC-G8_S80_R1_001.fastq.gz,609951.0
FLC_R2_clones_1N,P1-F6-CATGCCTA-CTAAGCCT_S66_L004_R1_001.fastq.gz,755765.0
FLC_R1_clones_1N,P2-D5-AGGAGTCC-ACTGCATA_S137_L008_R1_001.fastq.gz,868744.0
GlyEtOH_1N,GE_1_F08_TAGGCATG-TGAAACTG.R1.fastq.gz,665731.0
GlyEtOH_1N,GE_1_A06_all.R1.fastq.gz,658605.0
CLM_clones_1N,P2-G7-TAGCGCTC-TAAGGCTC_S175_R1_001.fastq.gz,881084.0
FLC_R1_clones_1N,P2-E4-GCTCAGGA-AAGGAGTA_S148_L008_R1_001.fastq.gz,865465.0
FLC_R1_clones_1N,P2-E6-CATGCCTA-AAGGAGTA_S150_L008_R1_001.fastq.gz,855550.0
FLC_R2_clones_1N,P1-F12-CCTGAGAT-CTAAGCCT_S72_L004_R1_001.fastq.gz,692941.0
FLC_R2_clones_1N,P1-B10-TCCTCTAC-TATCCTCT_S22_L004_R1_001.fastq.gz,781083.0
FLC_2N_Plate2,FLC-P2-A9-CCTAAGAC-CTAGTCGA_S9_R1_001.fastq.gz,672711.0
CLM_clones_1N,P2-A6-ATGCGCAG-CTAGTCGA_S102_R1_001.fastq.gz,970583.0
FLC_2N_Plate1,FLC-D11_S47_R1_001.fastq.gz,659494.0
FLC_2N_Plate1,FLC-H9_S93_R1_001.fastq.gz,4.0
FLC_R2_clones_1N,P1-B7-GTAGAGAG-TATCCTCT_S19_L004_R1_001.fastq.gz,856410.0
FLC_R2_clones_1N,P1-B9-TGCCTCTT-TATCCTCT_S21_L004_R1_001.fastq.gz,808840.0
CLM_R2_clones_1N,P1-F4-TCCTGAGC-AGGCTTAG_S64_L001_R1_001.fastq.gz,653359.0
CLM_R2_clones_1N,P1-G2-CGTACTAG-ATTAGACG_S74_L001_R1_001.fastq.gz,658853.0
CLM_clones_1N,P2-G3-GCGTAGTA-TAAGGCTC_S171_R1_001.fastq.gz,937244.0
CLM_R2_clones_1N,P1-C2-CGTACTAG-CTCCTTAC_S26_L001_R1_001.fastq.gz,469217.0
FLC_R1_clones_1N,P1-G3-TACTACGC-GAGCCTTA_S75_L008_R1_001.fastq.gz,961494.0
CLM_R2_clones_1N,P1-D2-CGTACTAG-TATGCAGT_S38_L001_R1_001.fastq.gz,665178.0
FLC_R1_clones_1N,P2-D3-TTCTGCCT-ACTGCATA_S135_L008_R1_001.fastq.gz,966281.0
CLM_clones_1N,P2-F1-ACTCGCTA-ATAGCCTT_S157_R1_001.fastq.gz,1028091.0
FLC_R1_clones_1N,P1-C4-AGGCTCCG-CCTAGAGT_S28_L008_R1_001.fastq.gz,1015179.0
CLM_R2_clones_1N,P1-C5-GGACTCCT-CTCCTTAC_S29_L001_R1_001.fastq.gz,761797.0
FLC_R1_clones_1N,P2-F8-CAGCCTCG-CTAAGCCT_S164_L008_R1_001.fastq.gz,1024427.0
CLM_R2_clones_1N,P1-F8-CGAGGCTG-AGGCTTAG_S68_L001_R1_001.fastq.gz,757268.0
CLM_R2_clones_1N,P1-H2-CGTACTAG-CGGAGAGA_S86_L001_R1_001.fastq.gz,658820.0
FLC_R2_clones_1N,P1-D6-CATGCCTA-ACTGCATA_S42_L004_R1_001.fastq.gz,686039.0
FLC_R2_clones_1N,P1-A2-CTAGTACG-CTCTCTAT_S2_L004_R1_001.fastq.gz,392811.0
FLC_R2_clones_1N,P1-C12-CCTGAGAT-GTAAGGAG_S36_L004_R1_001.fastq.gz,1063964.0
GlyEtOH_1N,GE_2_A04_all.R1.fastq.gz,969427.0
FLC_R2_clones_1N,P1-H7-GTAGAGAG-TCTCTCCG_S91_L004_R1_001.fastq.gz,316650.0
FLC_R2_clones_1N,P1-B3-TTCTGCCT-TATCCTCT_S15_L004_R1_001.fastq.gz,1081011.0
FLC_R1_clones_1N,P1-C2-GTAGCTCC-CCTAGAGT_S26_L008_R1_001.fastq.gz,1165689.0
CLM_R2_clones_1N,P1-C12-ATCTCAGG-CTCCTTAC_S36_L001_R1_001.fastq.gz,782365.0
CLM_R2_clones_1N,P1-H4-TCCTGAGC-CGGAGAGA_S88_L001_R1_001.fastq.gz,879999.0
GlyEtOH_1N,GE_2_A02_all.R1.fastq.gz,405995.0
CLM_R2_clones_1N,P1-D7-CTCTCTAC-TATGCAGT_S43_L001_R1_001.fastq.gz,882867.0
CLM_clones_1N,P1-A4-TCCTGAGC-ATAGAGAG_S4_R1_001.fastq.gz,1273540.0
CLM_clones_1N,P2-C10-CGATCAGT-ACTCTAGG_S130_R1_001.fastq.gz,1236921.0
CLM_clones_1N,P1-H8-CGAGGCTG-CGGAGAGA_S92_R1_001.fastq.gz,1252663.0
FLC_R1_clones_1N,P2-F5-AGGAGTCC-CTAAGCCT_S161_L008_R1_001.fastq.gz,1187687.0
CLM_clones_1N,P2-B10-CGATCAGT-AGCTAGAA_S118_R1_001.fastq.gz,1238428.0
FLC_2N_Plate2,FLC-P2-B12-TCGACGTC-AGCTAGAA_S24_R1_001.fastq.gz,1020382.0
CLM_R2_clones_1N,P1-A1-TAAGGCGA-ATAGAGAG_S1_L001_R1_001.fastq.gz,901480.0
FLC_R1_clones_1N,P1-D1-TAGCGAGT-GCGTAAGA_S37_L008_R1_001.fastq.gz,1254791.0
FLC_R2_clones_1N,P2-D7-GTAGAGAG-ACTGCATA_S43_L005_R1_001.fastq.gz,1200537.0
CLM_R2_clones_1N,P1-B5-GGACTCCT-AGAGGATA_S17_L001_R1_001.fastq.gz,14124.0
FLC_R2_clones_1N,P2-F2-CTAGTACG-CTAAGCCT_S62_L005_R1_001.fastq.gz,1199244.0
FLC_R1_clones_1N,P2-F3-TTCTGCCT-CTAAGCCT_S159_L008_R1_001.fastq.gz,1259710.0
FLC_R1_clones_1N,P1-B4-AGGCTCCG-TTCTAGCT_S16_L008_R1_001.fastq.gz,67.0
CLM_clones_1N,P2-E7-TAGCGCTC-CTTAATAG_S151_R1_001.fastq.gz,1286262.0
CLM_clones_1N,P1-F1-TAAGGCGA-AGGCTTAG_S61_R1_001.fastq.gz,1315650.0
FLC_R1_clones_1N,P1-G4-AGGCTCCG-GAGCCTTA_S76_L008_R1_001.fastq.gz,1272034.0
FLC_R1_clones_1N,P2-B5-AGGAGTCC-TATCCTCT_S113_L008_R1_001.fastq.gz,923724.0
CLM_clones_1N,P1-E1-TAAGGCGA-TACTCCTT_S49_R1_001.fastq.gz,1373595.0
FLC_R1_clones_1N,P2-D9-TGCCTCTT-ACTGCATA_S141_L008_R1_001.fastq.gz,1307159.0
CLM_R2_clones_1N,P1-D6-TAGGCATG-TATGCAGT_S42_L001_R1_001.fastq.gz,1024055.0
FLC_R1_clones_1N,P1-F2-GTAGCTCC-AAGGCTAT_S62_L008_R1_001.fastq.gz,1367466.0
FLC_R1_clones_1N,P1-E3-TACTACGC-CTATTAAG_S51_L008_R1_001.fastq.gz,1361701.0
FLC_R1_clones_1N,P2-E3-TTCTGCCT-AAGGAGTA_S147_L008_R1_001.fastq.gz,979951.0
CLM_R2_clones_1N,P1-D3-AGGCAGAA-TATGCAGT_S39_L001_R1_001.fastq.gz,1073949.0
CLM_R2_clones_1N,P1-B7-CTCTCTAC-AGAGGATA_S19_L001_R1_001.fastq.gz,1081310.0
FLC_R1_clones_1N,P1-G9-GTCTTAGG-GAGCCTTA_S81_L008_R1_001.fastq.gz,1417653.0
FLC_R1_clones_1N,P1-F10-ACTGATCG-AAGGCTAT_S70_L008_R1_001.fastq.gz,1434912.0
CLM_R2_clones_1N,P1-H10-GTAGAGGA-CGGAGAGA_S94_L001_R1_001.fastq.gz,1112921.0
FLC_R1_clones_1N,P1-C11-TAGCTGCA-CCTAGAGT_S35_L008_R1_001.fastq.gz,1450219.0
CLM_R2_clones_1N,P1-E3-AGGCAGAA-TACTCCTT_S51_L001_R1_001.fastq.gz,1122245.0
FLC_R1_clones_1N,P1-H4-AGGCTCCG-TTATGCGA_S88_L008_R1_001.fastq.gz,291884.0
CLM_R2_clones_1N,P1-F7-CTCTCTAC-AGGCTTAG_S67_L001_R1_001.fastq.gz,1163056.0
CLM_clones_1N,P1-H9-AAGAGGCA-CGGAGAGA_S93_R1_001.fastq.gz,1543385.0
FLC_R2_clones_1N,P1-E2-CTAGTACG-AAGGAGTA_S50_L004_R1_001.fastq.gz,557151.0
FLC_R1_clones_1N,P1-E11-TAGCTGCA-CTATTAAG_S59_L008_R1_001.fastq.gz,1449812.0
CLM_clones_1N,P1-F9-AAGAGGCA-AGGCTTAG_S69_R1_001.fastq.gz,1532685.0
FLC_R1_clones_1N,P2-B7-GTAGAGAG-TATCCTCT_S115_L008_R1_001.fastq.gz,1510341.0
FLC_R1_clones_1N,P2-H1-TCGCCTTA-TCTCTCCG_S181_L008_R1_001.fastq.gz,225782.0
FLC_R1_clones_1N,P1-B8-CGCTCAGT-TTCTAGCT_S20_L008_R1_001.fastq.gz,48.0
FLC_R1_clones_1N,P2-G7-GTAGAGAG-CGTCTAAT_S175_L008_R1_001.fastq.gz,1528827.0
FLC_R1_clones_1N,P1-E10-ACTGATCG-CTATTAAG_S58_L008_R1_001.fastq.gz,1510250.0
Dip_clone_Env,dBFA2_WGS_11C_4_A6_S28_R1_001.fastq.gz,1035033.0
CLM_clones_1N,P1-F6-TAGGCATG-AGGCTTAG_S66_R1_001.fastq.gz,1576900.0
FLC_R1_clones_1N,P2-E2-CTAGTACG-AAGGAGTA_S146_L008_R1_001.fastq.gz,587327.0
FLC_R1_clones_1N,P2-E8-CAGCCTCG-AAGGAGTA_S152_L008_R1_001.fastq.gz,1083072.0
CLM_clones_1N,P1-B12-ATCTCAGG-AGAGGATA_S24_R1_001.fastq.gz,1605526.0
FLC_R2_clones_1N,P2-G6-CATGCCTA-CGTCTAAT_S78_L005_R1_001.fastq.gz,1532314.0
FLC_R1_clones_1N,P2-C5-AGGAGTCC-GTAAGGAG_S125_L008_R1_001.fastq.gz,727407.0
FLC_2N_Plate1,FLC-C12_S36_R1_001.fastq.gz,1386448.0
FLC_R2_clones_1N,P1-E9-TGCCTCTT-AAGGAGTA_S57_L004_R1_001.fastq.gz,452276.0
FLC_R1_clones_1N,P2-E5-AGGAGTCC-AAGGAGTA_S149_L008_R1_001.fastq.gz,1105088.0
FLC_R2_clones_1N,P1-E3-TTCTGCCT-AAGGAGTA_S51_L004_R1_001.fastq.gz,744381.0
CLM_clones_1N,P1-B11-GCTCATGA-AGAGGATA_S23_R1_001.fastq.gz,1695715.0
FLC_R2_clones_1N,P1-G12-CCTGAGAT-CGTCTAAT_S84_L004_R1_001.fastq.gz,473196.0
CLM_R2_clones_1N,P1-G12-ATCTCAGG-ATTAGACG_S84_L001_R1_001.fastq.gz,449542.0
CLM_clones_1N,P1-B7-CTCTCTAC-AGAGGATA_S19_R1_001.fastq.gz,1698291.0
FLC_R2_clones_1N,P2-C8-CAGCCTCG-GTAAGGAG_S32_L005_R1_001.fastq.gz,1597107.0
FLC_2N_Plate2,FLC-P2-C1-ACTCGCTA-ACTCTAGG_S25_R1_001.fastq.gz,1426805.0
CLM_R2_clones_1N,P1-C3-AGGCAGAA-CTCCTTAC_S27_L001_R1_001.fastq.gz,689097.0
FLC_2N_Plate2,FLC-P2-A2-GGAGCTAC-CTAGTCGA_S2_R1_001.fastq.gz,1428560.0
FLC_2N_Plate2,FLC-P2-A3-GCGTAGTA-CTAGTCGA_S3_R1_001.fastq.gz,1455374.0
FLC_R1_clones_1N,P1-D9-GTCTTAGG-GCGTAAGA_S45_L008_R1_001.fastq.gz,1677015.0
CLM_clones_1N,P1-B6-TAGGCATG-AGAGGATA_S18_R1_001.fastq.gz,1737492.0
GlyEtOH_1N,rGE-1-F10_S190.R1.fastq.gz,1501452.0
CLM_clones_1N,P2-A1-ACTCGCTA-CTAGTCGA_S97_R1_001.fastq.gz,644533.0
FLC_R1_clones_1N,P2-C10-TCCTCTAC-GTAAGGAG_S130_L008_R1_001.fastq.gz,1055219.0
CLM_R2_clones_1N,P1-H8-CGAGGCTG-CGGAGAGA_S92_L001_R1_001.fastq.gz,800156.0
FLC_R1_clones_1N,P2-H7-GTAGAGAG-TCTCTCCG_S187_L008_R1_001.fastq.gz,979198.0
GlyEtOH_1N,GE_1_B02_all.R1.fastq.gz,1578964.0
FLC_R1_clones_1N,P2-H8-CAGCCTCG-TCTCTCCG_S188_L008_R1_001.fastq.gz,485119.0
FLC_R1_clones_1N,P1-B10-ACTGATCG-TTCTAGCT_S22_L008_R1_001.fastq.gz,86.0
CLM_clones_1N,P1-D12-ATCTCAGG-TATGCAGT_S48_R1_001.fastq.gz,1785476.0
FLC_R2_clones_1N,P1-D1-TCGCCTTA-ACTGCATA_S37_L004_R1_001.fastq.gz,870824.0
CLM_2N,CLM-D-1-H10_S65.R1.fastq.gz,1582006.0
Dip_clone_Env,dBFA2_WGS_6D_1_A3_S4_R1_001.fastq.gz,1543128.0
FLC_R1_clones_1N,P2-B2-CTAGTACG-TATCCTCT_S110_L008_R1_001.fastq.gz,585581.0
CLM_clones_1N,P1-G7-CTCTCTAC-ATTAGACG_S79_R1_001.fastq.gz,1836064.0
FLC_2N_Plate1,FLC-E11_S59_R1_001.fastq.gz,1626943.0
CLM_clones_1N,P1-A7-CTCTCTAC-ATAGAGAG_S7_R1_001.fastq.gz,648470.0
CLM_R2_clones_1N,P1-E4-TCCTGAGC-TACTCCTT_S52_L001_R1_001.fastq.gz,690935.0
FLC_R2_clones_1N,P2-C3-TTCTGCCT-GTAAGGAG_S27_L005_R1_001.fastq.gz,1789753.0
FLC_R1_clones_1N,P2-C8-CAGCCTCG-GTAAGGAG_S128_L008_R1_001.fastq.gz,842005.0
FLC_R2_clones_1N,P2-D3-TTCTGCCT-ACTGCATA_S39_L005_R1_001.fastq.gz,1784831.0
CLM_R2_clones_1N,P1-G4-TCCTGAGC-ATTAGACG_S76_L001_R1_001.fastq.gz,833543.0
FLC_R1_clones_1N,P1-H7-GAGCGCTA-TTATGCGA_S91_L008_R1_001.fastq.gz,593560.0
CLM_R2_clones_1N,P1-A10-GTAGAGGA-ATAGAGAG_S10_L001_R1_001.fastq.gz,922952.0
FLC_R1_clones_1N,P2-E1-TCGCCTTA-AAGGAGTA_S145_L008_R1_001.fastq.gz,1179163.0
CLM_2N,CLM-D-1-E10_S62.R1.fastq.gz,1776908.0
GlyEtOH_1N,GE_1_D01_all.R1.fastq.gz,1768838.0
FLC_R2_clones_1N,P1-F7-GTAGAGAG-CTAAGCCT_S67_L004_R1_001.fastq.gz,820067.0
GlyEtOH_1N,GE_1_F06_TAGGCATG-GCATCGTT.R1.fastq.gz,737133.0
FLC_R2_clones_1N,P2-G1-TCGCCTTA-CGTCTAAT_S73_L005_R1_001.fastq.gz,1533905.0
CLM_R2_clones_1N,P1-B2-CGTACTAG-AGAGGATA_S14_L001_R1_001.fastq.gz,742541.0
CLM_R2_clones_1N,P1-A2-CGTACTAG-ATAGAGAG_S2_L001_R1_001.fastq.gz,625454.0
FLC_R2_clones_1N,P2-A3-TTCTGCCT-CTCTCTAT_S3_L005_R1_001.fastq.gz,1877046.0
CLM_R2_clones_1N,P1-D10-GTAGAGGA-TATGCAGT_S46_L001_R1_001.fastq.gz,1003944.0
CLM_clones_1N,P1-D7-CTCTCTAC-TATGCAGT_S43_R1_001.fastq.gz,1432778.0
FLC_2N_Plate1,FLC-C9_S33_R1_001.fastq.gz,1755101.0
FLC_R2_clones_1N,P2-H10-TCCTCTAC-TCTCTCCG_S94_L005_R1_001.fastq.gz,1943089.0
CLM_R2_clones_1N,P1-F11-GCTCATGA-AGGCTTAG_S71_L001_R1_001.fastq.gz,1076874.0
CLM_clones_1N,P2-C11-TGCAGCTA-ACTCTAGG_S131_R1_001.fastq.gz,1126162.0
CLM_clones_1N,P1-F10-GTAGAGGA-AGGCTTAG_S70_R1_001.fastq.gz,33.0
CLM_R2_clones_1N,P1-A8-CGAGGCTG-ATAGAGAG_S8_L001_R1_001.fastq.gz,603772.0
FLC_R2_clones_1N,P2-H3-TTCTGCCT-TCTCTCCG_S87_L005_R1_001.fastq.gz,1937717.0
GlyEtOH_1N,rGE-1-H10_S192.R1.fastq.gz,1820453.0
FLC_R1_clones_1N,P1-H11-TAGCTGCA-TTATGCGA_S95_L008_R1_001.fastq.gz,424412.0
FLC_R2_clones_1N,P2-B7-GTAGAGAG-TATCCTCT_S19_L005_R1_001.fastq.gz,14772.0
FLC_R1_clones_1N,P1-D4-AGGCTCCG-GCGTAAGA_S40_L008_R1_001.fastq.gz,1191128.0
CLM_clones_1N,P2-A2-GGAGCTAC-CTAGTCGA_S98_R1_001.fastq.gz,810468.0
GlyEtOH_1N,GE_1_B12_all.R1.fastq.gz,1874746.0
FLC_R2_clones_1N,P1-B8-CAGCCTCG-TATCCTCT_S20_L004_R1_001.fastq.gz,564585.0
FLC_R2_clones_1N,P1-H11-TCATGAGC-TCTCTCCG_S95_L004_R1_001.fastq.gz,440169.0
FLC_R2_clones_1N,P2-G3-TTCTGCCT-CGTCTAAT_S75_L005_R1_001.fastq.gz,1662442.0
CLM_R2_clones_1N,P1-H1-TAAGGCGA-CGGAGAGA_S85_L001_R1_001.fastq.gz,1018761.0
FLC_R2_clones_1N,P2-H8-CAGCCTCG-TCTCTCCG_S92_L005_R1_001.fastq.gz,2042176.0
FLC_R2_clones_1N,P2-A1-TCGCCTTA-CTCTCTAT_S1_L005_R1_001.fastq.gz,1980135.0
FLC_R2_clones_1N,P2-E7-GTAGAGAG-AAGGAGTA_S55_L005_R1_001.fastq.gz,8144.0
CLM_clones_1N,P2-A5-TACGCTGC-CTAGTCGA_S101_R1_001.fastq.gz,800727.0
CLM_2N,CLM-D-1-B9_S53.R1.fastq.gz,1948315.0
FLC_2N_Plate1,FLC-C4_S28_R1_001.fastq.gz,101777.0
FLC_2N_Plate3,FLC-P3-A12-ATCTCAGG-ATAGAGAG_S6_R1_001.fastq.gz,2116773.0
FLC_R2_clones_1N,P2-G4-GCTCAGGA-CGTCTAAT_S76_L005_R1_001.fastq.gz,1625183.0
FLC_R1_clones_1N,P2-D4-GCTCAGGA-ACTGCATA_S136_L008_R1_001.fastq.gz,653139.0
FLC_R2_clones_1N,P2-B12-CCTGAGAT-TATCCTCT_S24_L005_R1_001.fastq.gz,2039730.0
FLC_R1_clones_1N,P1-C3-TACTACGC-CCTAGAGT_S27_L008_R1_001.fastq.gz,1306894.0
CLM_R2_clones_1N,P1-G1-TAAGGCGA-ATTAGACG_S73_L001_R1_001.fastq.gz,673673.0
FLC_R2_clones_1N,P2-A10-TCCTCTAC-CTCTCTAT_S10_L005_R1_001.fastq.gz,2000545.0
FLC_2N_Plate2,FLC-P2-B1-ACTCGCTA-AGCTAGAA_S13_R1_001.fastq.gz,1898380.0
FLC_2N_Plate2,FLC-P2-G10-CGATCAGT-TAAGGCTC_S82_R1_001.fastq.gz,179.0
GlyEtOH_1N,GE_1_B06_all.R1.fastq.gz,1954271.0
FLC_R2_clones_1N,P2-F9-TGCCTCTT-CTAAGCCT_S69_L005_R1_001.fastq.gz,2051363.0
CLM_R2_clones_1N,P1-G7-CTCTCTAC-ATTAGACG_S79_L001_R1_001.fastq.gz,900989.0
FLC_R2_clones_1N,P2-C2-CTAGTACG-GTAAGGAG_S26_L005_R1_001.fastq.gz,1426576.0
CLM_R2_clones_1N,P1-A4-TCCTGAGC-ATAGAGAG_S4_L001_R1_001.fastq.gz,858230.0
FLC_R2_clones_1N,P2-E5-AGGAGTCC-AAGGAGTA_S53_L005_R1_001.fastq.gz,2164006.0
CLM_clones_1N,P1-G11-GCTCATGA-ATTAGACG_S83_R1_001.fastq.gz,2199006.0
FLC_R2_clones_1N,P1-D9-TGCCTCTT-ACTGCATA_S45_L004_R1_001.fastq.gz,638915.0
CLM_clones_1N,P1-E2-CGTACTAG-TACTCCTT_S50_R1_001.fastq.gz,991342.0
FLC_R1_clones_1N,P1-D12-GACGTCGA-GCGTAAGA_S48_L008_R1_001.fastq.gz,1663903.0
FLC_2N_Plate2,FLC-P2-A7-TAGCGCTC-CTAGTCGA_S7_R1_001.fastq.gz,531811.0
FLC_2N_Plate2,FLC-P2-H12-TCGACGTC-TCGCATAA_S96_R1_001.fastq.gz,2.0
CLM_R2_clones_1N,P1-D12-ATCTCAGG-TATGCAGT_S48_L001_R1_001.fastq.gz,744613.0
FLC_R1_clones_1N,P2-C3-TTCTGCCT-GTAAGGAG_S123_L008_R1_001.fastq.gz,703453.0
CLM_clones_1N,P1-A8-CGAGGCTG-ATAGAGAG_S8_R1_001.fastq.gz,637149.0
FLC_2N_Plate2,FLC-P2-D2-GGAGCTAC-TCTTACGC_S38_R1_001.fastq.gz,2027540.0
FLC_R1_clones_1N,P2-D8-CAGCCTCG-ACTGCATA_S140_L008_R1_001.fastq.gz,790017.0
CLM_2N,CLM-C-1-D1_S27.R1.fastq.gz,2114482.0
GlyEtOH_1N,rGE-1-D10_S188.R1.fastq.gz,2056376.0
FLC_R2_clones_1N,P2-H7-GTAGAGAG-TCTCTCCG_S91_L005_R1_001.fastq.gz,1784797.0
FLC_2N_Plate1,FLC-A8_S8_R1_001.fastq.gz,2065068.0
CLM_clones_1N,P2-H6-ATGCGCAG-TCGCATAA_S186_R1_001.fastq.gz,993127.0
CLM_clones_1N,P1-A6-TAGGCATG-ATAGAGAG_S6_R1_001.fastq.gz,1415496.0
FLC_R2_clones_1N,P2-A9-TGCCTCTT-CTCTCTAT_S9_L005_R1_001.fastq.gz,2198002.0
FLC_2N_Plate2,FLC-P2-C11-TGCAGCTA-ACTCTAGG_S35_R1_001.fastq.gz,2102294.0
FLC_2N_Plate2,FLC-P2-D10-CGATCAGT-TCTTACGC_S46_R1_001.fastq.gz,2134292.0
FLC_2N_Plate1,FLC-A3_S3_R1_001.fastq.gz,2145339.0
FLC_2N_Plate1,FLC-H4_S88_R1_001.fastq.gz,3.0
FLC_2N_Plate2,FLC-P2-E5-TACGCTGC-CTTAATAG_S53_R1_001.fastq.gz,2089095.0
FLC_2N_Plate2,FLC-P2-D9-CCTAAGAC-TCTTACGC_S45_R1_001.fastq.gz,2105746.0
FLC_R2_clones_1N,P2-A2-CTAGTACG-CTCTCTAT_S2_L005_R1_001.fastq.gz,2267216.0
FLC_R2_clones_1N,P2-C5-AGGAGTCC-GTAAGGAG_S29_L005_R1_001.fastq.gz,1636575.0
CLM_R2_clones_1N,P1-A6-TAGGCATG-ATAGAGAG_S6_L001_R1_001.fastq.gz,907236.0
FLC_R1_clones_1N,P2-C7-GTAGAGAG-GTAAGGAG_S127_L008_R1_001.fastq.gz,1264892.0
CLM_clones_1N,P2-A7-TAGCGCTC-CTAGTCGA_S103_R1_001.fastq.gz,990055.0
CLM_clones_1N,P1-A9-AAGAGGCA-ATAGAGAG_S9_R1_001.fastq.gz,615435.0
CLM_clones_1N,P1-A3-AGGCAGAA-ATAGAGAG_S3_R1_001.fastq.gz,1540803.0
FLC_R2_clones_1N,P1-C8-CAGCCTCG-GTAAGGAG_S32_L004_R1_001.fastq.gz,313720.0
CLM_R2_clones_1N,P1-B4-TCCTGAGC-AGAGGATA_S16_L001_R1_001.fastq.gz,950764.0
FLC_2N_Plate1,FLC-B6_S18_R1_001.fastq.gz,140133.0
CLM_clones_1N,P2-B4-CGGAGCCT-AGCTAGAA_S112_R1_001.fastq.gz,1135163.0
FLC_R1_clones_1N,P2-F4-GCTCAGGA-CTAAGCCT_S160_L008_R1_001.fastq.gz,1104419.0
FLC_R1_clones_1N,P1-B12-GACGTCGA-TTCTAGCT_S24_L008_R1_001.fastq.gz,96.0
FLC_R2_clones_1N,P2-B1-TCGCCTTA-TATCCTCT_S13_L005_R1_001.fastq.gz,2319753.0
CLM_clones_1N,P2-F4-CGGAGCCT-ATAGCCTT_S160_R1_001.fastq.gz,1202274.0
FLC_R2_clones_1N,P2-C10-TCCTCTAC-GTAAGGAG_S34_L005_R1_001.fastq.gz,1929702.0
CLM_R2_clones_1N,P1-B10-GTAGAGGA-AGAGGATA_S22_L001_R1_001.fastq.gz,1201722.0
FLC_R2_clones_1N,P2-B5-AGGAGTCC-TATCCTCT_S17_L005_R1_001.fastq.gz,2368068.0
FLC_2N_Plate2,FLC-P2-B6-ATGCGCAG-AGCTAGAA_S18_R1_001.fastq.gz,2171346.0
CLM_2N,CLM-D-1-B1_S31.R1.fastq.gz,2306284.0
FLC_R1_clones_1N,P2-G8-CAGCCTCG-CGTCTAAT_S176_L008_R1_001.fastq.gz,989952.0
CLM_clones_1N,P1-C12-ATCTCAGG-CTCCTTAC_S36_R1_001.fastq.gz,1408110.0
FLC_R1_clones_1N,P2-D7-GTAGAGAG-ACTGCATA_S139_L008_R1_001.fastq.gz,1414910.0
FLC_R1_clones_1N,P2-A2-CTAGTACG-CTCTCTAT_S98_L008_R1_001.fastq.gz,585448.0
FLC_R2_clones_1N,P1-F8-CAGCCTCG-CTAAGCCT_S68_L004_R1_001.fastq.gz,533376.0
FLC_R2_clones_1N,P2-D12-CCTGAGAT-ACTGCATA_S48_L005_R1_001.fastq.gz,1869885.0
FLC_R2_clones_1N,P1-H1-TCGCCTTA-TCTCTCCG_S85_L004_R1_001.fastq.gz,497465.0
CLM_clones_1N,P2-G12-TCGACGTC-TAAGGCTC_S180_R1_001.fastq.gz,853114.0
CLM_R2_clones_1N,P1-B8-CGAGGCTG-AGAGGATA_S20_L001_R1_001.fastq.gz,784764.0
FLC_R1_clones_1N,P2-A6-CATGCCTA-CTCTCTAT_S102_L008_R1_001.fastq.gz,995152.0
FLC_R1_clones_1N,P1-B3-TACTACGC-TTCTAGCT_S15_L008_R1_001.fastq.gz,85.0
GlyEtOH_1N,GE_2_A07_all.R1.fastq.gz,395146.0
CLM_clones_1N,P2-C12-TCGACGTC-ACTCTAGG_S132_R1_001.fastq.gz,943103.0
FLC_2N_Plate1,FLC-D5_S41_R1_001.fastq.gz,2191791.0
CLM_clones_1N,P2-G1-ACTCGCTA-TAAGGCTC_S169_R1_001.fastq.gz,1027939.0
CLM_R2_clones_1N,P1-G8-CGAGGCTG-ATTAGACG_S80_L001_R1_001.fastq.gz,645490.0
FLC_R1_clones_1N,P2-G3-TTCTGCCT-CGTCTAAT_S171_L008_R1_001.fastq.gz,1113326.0
FLC_R2_clones_1N,P2-H1-TCGCCTTA-TCTCTCCG_S85_L005_R1_001.fastq.gz,1316411.0
GlyEtOH_2N_20170616,Gly-D2-CGTACTAG-TATGCAGT_S38_R1_001.fastq.gz,2417345.0
CLM_clones_1N,P2-C7-TAGCGCTC-ACTCTAGG_S127_R1_001.fastq.gz,1267927.0
FLC_2N_Plate1,FLC-F12_S72_R1_001.fastq.gz,2298562.0
CLM_clones_1N,P2-C2-GGAGCTAC-ACTCTAGG_S122_R1_001.fastq.gz,1114720.0
FLC_R2_clones_1N,P1-C1-TCGCCTTA-GTAAGGAG_S25_L004_R1_001.fastq.gz,625573.0
CLM_2N,CLM-D-1-H8_S51.R1.fastq.gz,2174454.0
FLC_R1_clones_1N,P2-G6-CATGCCTA-CGTCTAAT_S174_L008_R1_001.fastq.gz,962215.0
CLM_2N,CLM-C-1-G7_S29.R1.fastq.gz,389936.0
FLC_R2_clones_1N,P1-C5-AGGAGTCC-GTAAGGAG_S29_L004_R1_001.fastq.gz,488885.0
GlyEtOH_2N_20170616,Gly-E2-CGTACTAG-TACTCCTT_S50_R1_001.fastq.gz,2510758.0
FLC_R2_clones_1N,P2-B8-CAGCCTCG-TATCCTCT_S20_L005_R1_001.fastq.gz,2060704.0
FLC_R2_clones_1N,P2-H12-CCTGAGAT-TCTCTCCG_S96_L005_R1_001.fastq.gz,2588967.0
Dip_clone_Env,dBFA2_WGS_11D_1_H4_S30_R1_001.fastq.gz,1806766.0
FLC_R2_clones_1N,P1-H10-TCCTCTAC-TCTCTCCG_S94_L004_R1_001.fastq.gz,757591.0
FLC_R1_clones_1N,P1-D8-CGCTCAGT-GCGTAAGA_S44_L008_R1_001.fastq.gz,908314.0
GlyEtOH_1N,GE_1_D12_all.R1.fastq.gz,2458942.0
FLC_R2_clones_1N,P1-D7-GTAGAGAG-ACTGCATA_S43_L004_R1_001.fastq.gz,561121.0
CLM_R2_clones_1N,P1-B12-ATCTCAGG-AGAGGATA_S24_L001_R1_001.fastq.gz,1026193.0
CLM_clones_1N,P2-B3-GCGTAGTA-AGCTAGAA_S111_R1_001.fastq.gz,1191086.0
CLM_clones_1N,P1-D11-GCTCATGA-TATGCAGT_S47_R1_001.fastq.gz,853696.0
FLC_R1_clones_1N,P1-H6-CTGCGCAT-TTATGCGA_S90_L008_R1_001.fastq.gz,764650.0
FLC_2N_Plate1,FLC-A7_S7_R1_001.fastq.gz,2476085.0
GlyEtOH_1N,GE_1_C11_all.R1.fastq.gz,2552224.0
FLC_2N_Plate1,FLC-B11_S23_R1_001.fastq.gz,2323447.0
FLC_2N_Plate1,FLC-G11_S83_R1_001.fastq.gz,527.0
FLC_R2_clones_1N,P1-A7-GTAGAGAG-CTCTCTAT_S7_L004_R1_001.fastq.gz,409468.0
CLM_R2_clones_1N,P1-C4-TCCTGAGC-CTCCTTAC_S28_L001_R1_001.fastq.gz,632977.0
CLM_R2_clones_1N,P1-F1-TAAGGCGA-AGGCTTAG_S61_L001_R1_001.fastq.gz,1055075.0
CLM_clones_1N,P2-G11-TGCAGCTA-TAAGGCTC_S179_R1_001.fastq.gz,1015535.0
FLC_R1_clones_1N,P1-D3-TACTACGC-GCGTAAGA_S39_L008_R1_001.fastq.gz,1337163.0
FLC_R2_clones_1N,P1-G6-CATGCCTA-CGTCTAAT_S78_L004_R1_001.fastq.gz,844205.0
FLC_R1_clones_1N,P2-A8-CAGCCTCG-CTCTCTAT_S104_L008_R1_001.fastq.gz,930279.0
FLC_R1_clones_1N,P1-C6-CTGCGCAT-CCTAGAGT_S30_L008_R1_001.fastq.gz,1200336.0
CLM_clones_1N,P2-A3-GCGTAGTA-CTAGTCGA_S99_R1_001.fastq.gz,1034874.0
FLC_2N_Plate2,FLC-P2-E10-CGATCAGT-CTTAATAG_S58_R1_001.fastq.gz,2531129.0
FLC_2N_Plate2,FLC-P2-D8-ACTGAGCG-TCTTACGC_S44_R1_001.fastq.gz,2558452.0
FLC_R2_clones_1N,P2-H6-CATGCCTA-TCTCTCCG_S90_L005_R1_001.fastq.gz,1527773.0
FLC_R1_clones_1N,P1-G8-CGCTCAGT-GAGCCTTA_S80_L008_R1_001.fastq.gz,1091418.0
FLC_R1_clones_1N,P1-F6-CTGCGCAT-AAGGCTAT_S66_L008_R1_001.fastq.gz,1448099.0
GlyEtOH_1N,GE_1_A05_all.R1.fastq.gz,2581786.0
FLC_R2_clones_1N,P1-C10-TCCTCTAC-GTAAGGAG_S34_L004_R1_001.fastq.gz,539471.0
GlyEtOH_1N,GE_1_G07_all.R1.fastq.gz,2634249.0
CLM_clones_1N,P1-B3-AGGCAGAA-AGAGGATA_S15_R1_001.fastq.gz,1207036.0
FLC_R1_clones_1N,P1-E6-CTGCGCAT-CTATTAAG_S54_L008_R1_001.fastq.gz,1432011.0
FLC_R1_clones_1N,P1-B1-TAGCGAGT-TTCTAGCT_S13_L008_R1_001.fastq.gz,105.0
FLC_R1_clones_1N,P2-A7-GTAGAGAG-CTCTCTAT_S103_L008_R1_001.fastq.gz,1278435.0
FLC_2N_Plate2,FLC-P2-A8-ACTGAGCG-CTAGTCGA_S8_R1_001.fastq.gz,680190.0
CLM_clones_1N,P2-E10-CGATCAGT-CTTAATAG_S154_R1_001.fastq.gz,1267588.0
FLC_2N_Plate2,FLC-P2-A1-ACTCGCTA-CTAGTCGA_S1_R1_001.fastq.gz,2642961.0
FLC_2N_Plate1,FLC-D7_S43_R1_001.fastq.gz,2623856.0
FLC_2N_Plate1,FLC-C6_S30_R1_001.fastq.gz,1336.0
CLM_R2_clones_1N,P1-D9-AAGAGGCA-TATGCAGT_S45_L001_R1_001.fastq.gz,877413.0
CLM_clones_1N,P2-D10-CGATCAGT-TCTTACGC_S142_R1_001.fastq.gz,1247684.0
FLC_R2_clones_1N,P1-C3-TTCTGCCT-GTAAGGAG_S27_L004_R1_001.fastq.gz,787089.0
FLC_R2_clones_1N,P1-G7-GTAGAGAG-CGTCTAAT_S79_L004_R1_001.fastq.gz,750428.0
CLM_R2_clones_1N,P1-A9-AAGAGGCA-ATAGAGAG_S9_L001_R1_001.fastq.gz,846459.0
GlyEtOH_2N_20170616,Gly-C8-CGAGGCTG-CTCCTTAC_S32_R1_001.fastq.gz,2779593.0
CLM_R2_clones_1N,P1-G3-AGGCAGAA-ATTAGACG_S75_L001_R1_001.fastq.gz,21365.0
GlyEtOH_1N,GE_1_A07_all.R1.fastq.gz,2739796.0
FLC_R2_clones_1N,P1-D12-CCTGAGAT-ACTGCATA_S48_L004_R1_001.fastq.gz,852032.0
CLM_clones_1N,P2-H2-GGAGCTAC-TCGCATAA_S182_R1_001.fastq.gz,911949.0
Dip_clone_Env,dBFA2_WGS_10D_1_E2_S37_R1_001.fastq.gz,2077929.0
GlyEtOH_2N_20170616,Gly-G9-AAGAGGCA-ATTAGACG_S81_R1_001.fastq.gz,2724872.0
FLC_R1_clones_1N,P2-E7-GTAGAGAG-AAGGAGTA_S151_L008_R1_001.fastq.gz,1503077.0
FLC_R1_clones_1N,P2-H4-GCTCAGGA-TCTCTCCG_S184_L008_R1_001.fastq.gz,607161.0
GlyEtOH_1N,GE_2_A12_all.R1.fastq.gz,157823.0
GlyEtOH_1N,GE_1_A10_TAAGGCGA-ACATGCAA.R1.fastq.gz,77.0
FLC_R2_clones_1N,P1-G10-TCCTCTAC-CGTCTAAT_S82_L004_R1_001.fastq.gz,454372.0
CLM_clones_1N,P1-E4-TCCTGAGC-TACTCCTT_S52_R1_001.fastq.gz,682560.0
FLC_R1_clones_1N,P1-F1-TAGCGAGT-AAGGCTAT_S61_L008_R1_001.fastq.gz,2115015.0
FLC_R1_clones_1N,P1-F4-AGGCTCCG-AAGGCTAT_S64_L008_R1_001.fastq.gz,1378001.0
CLM_R2_clones_1N,P1-F6-TAGGCATG-AGGCTTAG_S66_L001_R1_001.fastq.gz,1116751.0
GlyEtOH_1N,GE_2_A08_all.R1.fastq.gz,946099.0
FLC_R1_clones_1N,P1-F12-GACGTCGA-AAGGCTAT_S72_L008_R1_001.fastq.gz,2131406.0
CLM_R2_clones_1N,P1-E5-GGACTCCT-TACTCCTT_S53_L001_R1_001.fastq.gz,997500.0
FLC_2N_Plate2,FLC-P2-F12-TCGACGTC-ATAGCCTT_S72_R1_001.fastq.gz,2130895.0
FLC_2N_Plate1,FLC-F4_S64_R1_001.fastq.gz,2823596.0
FLC_R2_clones_1N,P2-H5-AGGAGTCC-TCTCTCCG_S89_L005_R1_001.fastq.gz,1952213.0
FLC_2N_Plate2,FLC-P2-A4-CGGAGCCT-CTAGTCGA_S4_R1_001.fastq.gz,827718.0
FLC_R1_clones_1N,P1-F8-CGCTCAGT-AAGGCTAT_S68_L008_R1_001.fastq.gz,1543483.0
FLC_R2_clones_1N,P2-E12-CCTGAGAT-AAGGAGTA_S60_L005_R1_001.fastq.gz,2318510.0
CLM_2N,CLM-D-1-B8_S48.R1.fastq.gz,478948.0
FLC_R1_clones_1N,P1-G7-GAGCGCTA-GAGCCTTA_S79_L008_R1_001.fastq.gz,1030023.0
FLC_R2_clones_1N,P1-C2-CTAGTACG-GTAAGGAG_S26_L004_R1_001.fastq.gz,447913.0
FLC_R2_clones_1N,P1-D10-TCCTCTAC-ACTGCATA_S46_L004_R1_001.fastq.gz,436389.0
FLC_R2_clones_1N,P1-F2-CTAGTACG-CTAAGCCT_S62_L004_R1_001.fastq.gz,500004.0
FLC_2N_Plate1,FLC-B5_S17_R1_001.fastq.gz,2836389.0
FLC_R2_clones_1N,P1-C4-GCTCAGGA-GTAAGGAG_S28_L004_R1_001.fastq.gz,501249.0
FLC_2N_Plate2,FLC-P2-F4-CGGAGCCT-ATAGCCTT_S64_R1_001.fastq.gz,1431572.0
FLC_R1_clones_1N,P1-H2-GTAGCTCC-TTATGCGA_S86_L008_R1_001.fastq.gz,1001986.0
CLM_clones_1N,P1-E8-CGAGGCTG-TACTCCTT_S56_R1_001.fastq.gz,1173851.0
CLM_clones_1N,P1-C10-GTAGAGGA-CTCCTTAC_S34_R1_001.fastq.gz,29.0
FLC_R2_clones_1N,P1-F5-AGGAGTCC-CTAAGCCT_S65_L004_R1_001.fastq.gz,698358.0
FLC_R2_clones_1N,P2-H11-TCATGAGC-TCTCTCCG_S95_L005_R1_001.fastq.gz,2006961.0
FLC_R2_clones_1N,P2-E9-TGCCTCTT-AAGGAGTA_S57_L005_R1_001.fastq.gz,9083.0
FLC_R2_clones_1N,P1-F4-GCTCAGGA-CTAAGCCT_S64_L004_R1_001.fastq.gz,526808.0
FLC_R1_clones_1N,P1-C12-GACGTCGA-CCTAGAGT_S36_L008_R1_001.fastq.gz,1754272.0
CLM_R2_clones_1N,P1-H11-GCTCATGA-CGGAGAGA_S95_L001_R1_001.fastq.gz,1023684.0
CLM_R2_clones_1N,P1-C1-TAAGGCGA-CTCCTTAC_S25_L001_R1_001.fastq.gz,608689.0
FLC_R1_clones_1N,P1-D10-ACTGATCG-GCGTAAGA_S46_L008_R1_001.fastq.gz,1120704.0
FLC_R2_clones_1N,P1-F1-TCGCCTTA-CTAAGCCT_S61_L004_R1_001.fastq.gz,767071.0
FLC_R2_clones_1N,P2-G8-CAGCCTCG-CGTCTAAT_S80_L005_R1_001.fastq.gz,1573646.0
CLM_clones_1N,P2-F5-TACGCTGC-ATAGCCTT_S161_R1_001.fastq.gz,1131214.0
FLC_2N_Plate1,FLC-E1_S49_R1_001.fastq.gz,2973795.0
CLM_R2_clones_1N,P1-F5-GGACTCCT-AGGCTTAG_S65_L001_R1_001.fastq.gz,978634.0
CLM_R2_clones_1N,P1-E8-CGAGGCTG-TACTCCTT_S56_L001_R1_001.fastq.gz,828210.0
FLC_R1_clones_1N,P2-G4-GCTCAGGA-CGTCTAAT_S172_L008_R1_001.fastq.gz,990601.0
FLC_R1_clones_1N,P1-G6-CTGCGCAT-GAGCCTTA_S78_L008_R1_001.fastq.gz,1510920.0
CLM_R2_clones_1N,P1-B9-AAGAGGCA-AGAGGATA_S21_L001_R1_001.fastq.gz,1242743.0
FLC_R1_clones_1N,P1-G11-TAGCTGCA-GAGCCTTA_S83_L008_R1_001.fastq.gz,1499364.0
FLC_R2_clones_1N,P1-H6-CATGCCTA-TCTCTCCG_S90_L004_R1_001.fastq.gz,308020.0
CLM_2N,CLM-D-1-A1_S30.R1.fastq.gz,3162684.0
FLC_2N_Plate3,FLC-P3-A7-CTCTCTAC-ATAGAGAG_S1_R1_001.fastq.gz,3180435.0
FLC_2N_Plate1,FLC-D8_S44_R1_001.fastq.gz,442324.0
FLC_R2_clones_1N,P1-E12-CCTGAGAT-AAGGAGTA_S60_L004_R1_001.fastq.gz,800446.0
FLC_2N_Plate2,FLC-P2-E9-CCTAAGAC-CTTAATAG_S57_R1_001.fastq.gz,3024048.0
CLM_clones_1N,P2-C3-GCGTAGTA-ACTCTAGG_S123_R1_001.fastq.gz,1267766.0
CLM_clones_1N,P2-E2-GGAGCTAC-CTTAATAG_S146_R1_001.fastq.gz,1115022.0
Dip_clone_Env,dBFA2_WGS_6D_1_C11_S44_R1_001.fastq.gz,1308388.0
FLC_R1_clones_1N,P2-A9-TGCCTCTT-CTCTCTAT_S105_L008_R1_001.fastq.gz,1112573.0
FLC_R2_clones_1N,P1-E10-TCCTCTAC-AAGGAGTA_S58_L004_R1_001.fastq.gz,579839.0
FLC_R2_clones_1N,P1-G4-GCTCAGGA-CGTCTAAT_S76_L004_R1_001.fastq.gz,601147.0
CLM_R2_clones_1N,P1-H6-TAGGCATG-CGGAGAGA_S90_L001_R1_001.fastq.gz,1171548.0
CLM_clones_1N,P2-E11-TGCAGCTA-CTTAATAG_S155_R1_001.fastq.gz,1222747.0
GlyEtOH_1N,GE_1_H02_all.R1.fastq.gz,3223341.0
CLM_clones_1N,P1-E9-AAGAGGCA-TACTCCTT_S57_R1_001.fastq.gz,1569296.0
CLM_R2_clones_1N,P1-E2-CGTACTAG-TACTCCTT_S50_L001_R1_001.fastq.gz,664802.0
CLM_R2_clones_1N,P1-G9-AAGAGGCA-ATTAGACG_S81_L001_R1_001.fastq.gz,1025650.0
FLC_R2_clones_1N,P1-F9-TGCCTCTT-CTAAGCCT_S69_L004_R1_001.fastq.gz,622672.0
CLM_2N,CLM-C-1-A2_S28.R1.fastq.gz,2977727.0
GlyEtOH_1N,GE_2_B06_all.R1.fastq.gz,3266283.0
FLC_R2_clones_1N,P2-G2-CTAGTACG-CGTCTAAT_S74_L005_R1_001.fastq.gz,1632547.0
FLC_R2_clones_1N,P2-C12-CCTGAGAT-GTAAGGAG_S36_L005_R1_001.fastq.gz,1852806.0
GlyEtOH_1N,GE_1_G03_all.R1.fastq.gz,2312606.0
FLC_2N_Plate2,FLC-P2-E8-ACTGAGCG-CTTAATAG_S56_R1_001.fastq.gz,3291573.0
Dip_clone_Env,dBFA2_WGS_10C_4_G6_S26_R1_001.fastq.gz,2496871.0
CLM_clones_1N,P2-E3-GCGTAGTA-CTTAATAG_S147_R1_001.fastq.gz,1265277.0
FLC_R2_clones_1N,P1-G2-CTAGTACG-CGTCTAAT_S74_L004_R1_001.fastq.gz,440913.0
FLC_R1_clones_1N,P2-H6-CATGCCTA-TCTCTCCG_S186_L008_R1_001.fastq.gz,751505.0
FLC_R1_clones_1N,P1-B11-TAGCTGCA-TTCTAGCT_S23_L008_R1_001.fastq.gz,83.0
FLC_R2_clones_1N,P2-E8-CAGCCTCG-AAGGAGTA_S56_L005_R1_001.fastq.gz,9255.0
CLM_R2_clones_1N,P1-G6-TAGGCATG-ATTAGACG_S78_L001_R1_001.fastq.gz,817867.0
FLC_2N_Plate2,FLC-P2-F10-CGATCAGT-ATAGCCTT_S70_R1_001.fastq.gz,2238256.0
FLC_2N_Plate2,FLC-P2-G2-GGAGCTAC-TAAGGCTC_S74_R1_001.fastq.gz,141.0
CLM_R2_clones_1N,P1-E6-TAGGCATG-TACTCCTT_S54_L001_R1_001.fastq.gz,1081711.0
GlyEtOH_2N_20170616,Gly-C1-TAAGGCGA-CTCCTTAC_S25_R1_001.fastq.gz,3375504.0
GlyEtOH_2N_20170616,Gly-H3-AGGCAGAA-CGGAGAGA_S87_R1_001.fastq.gz,28.0
CLM_clones_1N,P1-C2-CGTACTAG-CTCCTTAC_S26_R1_001.fastq.gz,1013364.0
FLC_R1_clones_1N,P1-H1-TAGCGAGT-TTATGCGA_S85_L008_R1_001.fastq.gz,850480.0
CLM_2N,CLM-D-1-G6_S45.R1.fastq.gz,1660541.0
CLM_clones_1N,P1-A12-ATCTCAGG-ATAGAGAG_S12_R1_001.fastq.gz,1484901.0
CLM_clones_1N,P1-G10-GTAGAGGA-ATTAGACG_S82_R1_001.fastq.gz,45.0
FLC_R1_clones_1N,P2-D10-TCCTCTAC-ACTGCATA_S142_L008_R1_001.fastq.gz,1119733.0
FLC_R2_clones_1N,P1-D8-CAGCCTCG-ACTGCATA_S44_L004_R1_001.fastq.gz,484979.0
GlyEtOH_1N,GE_1_E05_GGACTCCT-GTCATTGA.R1.fastq.gz,635200.0
GlyEtOH_1N,GE_1_E07_all.R1.fastq.gz,3371571.0
CLM_clones_1N,P1-B4-TCCTGAGC-AGAGGATA_S16_R1_001.fastq.gz,1525470.0
CLM_clones_1N,P1-E10-GTAGAGGA-TACTCCTT_S58_R1_001.fastq.gz,31.0
CLM_clones_1N,P2-D5-TACGCTGC-TCTTACGC_S137_R1_001.fastq.gz,1033647.0
FLC_R1_clones_1N,P2-B6-CATGCCTA-TATCCTCT_S114_L008_R1_001.fastq.gz,801004.0
FLC_R1_clones_1N,P1-H5-GCAGCGTA-TTATGCGA_S89_L008_R1_001.fastq.gz,412731.0
CLM_R2_clones_1N,P1-C6-TAGGCATG-CTCCTTAC_S30_L001_R1_001.fastq.gz,861575.0
GlyEtOH_1N,GE_1_C03_all.R1.fastq.gz,2777854.0
CLM_clones_1N,P1-H3-AGGCAGAA-CGGAGAGA_S87_R1_001.fastq.gz,1702015.0
CLM_clones_1N,P2-B11-TGCAGCTA-AGCTAGAA_S119_R1_001.fastq.gz,1176221.0
CLM_clones_1N,P2-E4-CGGAGCCT-CTTAATAG_S148_R1_001.fastq.gz,1373747.0
CLM_2N,CLM-D-1-F10_S63.R1.fastq.gz,1846682.0
FLC_R2_clones_1N,P2-A7-GTAGAGAG-CTCTCTAT_S7_L005_R1_001.fastq.gz,1996450.0
CLM_clones_1N,P2-E1-ACTCGCTA-CTTAATAG_S145_R1_001.fastq.gz,1214956.0
CLM_clones_1N,P2-H1-ACTCGCTA-TCGCATAA_S181_R1_001.fastq.gz,1256921.0
CLM_R2_clones_1N,P1-D8-CGAGGCTG-TATGCAGT_S44_L001_R1_001.fastq.gz,650045.0
GlyEtOH_2N_20170616,Gly-D5-GGACTCCT-TATGCAGT_S41_R1_001.fastq.gz,3521950.0
CLM_clones_1N,P1-F12-ATCTCAGG-AGGCTTAG_S72_R1_001.fastq.gz,1611288.0
FLC_2N_Plate3,FLC-P3-C8-CGAGGCTG-CTCCTTAC_S14_R1_001.fastq.gz,3581409.0
Dip_clone_Env,dBFA2_WGS_4C_1_E10_S12_R1_001.fastq.gz,1877496.0
GlyEtOH_1N,GE_2_B01_all.R1.fastq.gz,3435731.0
CLM_clones_1N,P1-F11-GCTCATGA-AGGCTTAG_S71_R1_001.fastq.gz,1447033.0
FLC_R1_clones_1N,P1-G12-GACGTCGA-GAGCCTTA_S84_L008_R1_001.fastq.gz,1101874.0
FLC_R1_clones_1N,P1-G2-GTAGCTCC-GAGCCTTA_S74_L008_R1_001.fastq.gz,1202293.0
CLM_R2_clones_1N,P1-H9-AAGAGGCA-CGGAGAGA_S93_L001_R1_001.fastq.gz,1013815.0
FLC_R1_clones_1N,P2-B9-TGCCTCTT-TATCCTCT_S117_L008_R1_001.fastq.gz,1559036.0
FLC_R2_clones_1N,P1-A9-TGCCTCTT-CTCTCTAT_S9_L004_R1_001.fastq.gz,536652.0
CLM_R2_clones_1N,P1-C8-CGAGGCTG-CTCCTTAC_S32_L001_R1_001.fastq.gz,555061.0
FLC_R2_clones_1N,P1-B11-TCATGAGC-TATCCTCT_S23_L004_R1_001.fastq.gz,543039.0
FLC_R2_clones_1N,P2-D6-CATGCCTA-ACTGCATA_S42_L005_R1_001.fastq.gz,1697165.0
FLC_R2_clones_1N,P1-A5-AGGAGTCC-CTCTCTAT_S5_L004_R1_001.fastq.gz,658000.0
FLC_R1_clones_1N,P1-C7-GAGCGCTA-CCTAGAGT_S31_L008_R1_001.fastq.gz,1209116.0
CLM_clones_1N,P2-C6-ATGCGCAG-ACTCTAGG_S126_R1_001.fastq.gz,1297019.0
FLC_R2_clones_1N,P2-E11-TCATGAGC-AAGGAGTA_S59_L005_R1_001.fastq.gz,9220.0
FLC_R2_clones_1N,P1-H12-CCTGAGAT-TCTCTCCG_S96_L004_R1_001.fastq.gz,2857706.0
FLC_2N_Plate2,FLC-P2-C10-CGATCAGT-ACTCTAGG_S34_R1_001.fastq.gz,1428147.0
GlyEtOH_1N,GE_1_B01_all.R1.fastq.gz,982090.0
CLM_clones_1N,P2-H5-TACGCTGC-TCGCATAA_S185_R1_001.fastq.gz,841645.0
FLC_2N_Plate3,FLC-P3-B2-CGTACTAG-AGAGGATA_S8_R1_001.fastq.gz,3717098.0
FLC_R2_clones_1N,P2-H2-CTAGTACG-TCTCTCCG_S86_L005_R1_001.fastq.gz,1787741.0
CLM_2N,CLM-D-1-D10_S61.R1.fastq.gz,1711551.0
FLC_2N_Plate2,FLC-P2-D1-ACTCGCTA-TCTTACGC_S37_R1_001.fastq.gz,3563042.0
CLM_R2_clones_1N,P1-F2-CGTACTAG-AGGCTTAG_S62_L001_R1_001.fastq.gz,773816.0
FLC_2N_Plate2,FLC-P2-G6-ATGCGCAG-TAAGGCTC_S78_R1_001.fastq.gz,348.0
CLM_clones_1N,P2-G9-CCTAAGAC-TAAGGCTC_S177_R1_001.fastq.gz,1099102.0
FLC_R1_clones_1N,P2-A5-AGGAGTCC-CTCTCTAT_S101_L008_R1_001.fastq.gz,692277.0
FLC_R2_clones_1N,P2-D2-CTAGTACG-ACTGCATA_S38_L005_R1_001.fastq.gz,1772446.0
CLM_clones_1N,P1-D5-GGACTCCT-TATGCAGT_S41_R1_001.fastq.gz,1504811.0
FLC_2N_Plate1,FLC-C2_S26_R1_001.fastq.gz,3481251.0
CLM_clones_1N,P2-G2-GGAGCTAC-TAAGGCTC_S170_R1_001.fastq.gz,958295.0
Dip_clone_Env,dBFA2_WGS_10C_4_C6_S25_R1_001.fastq.gz,1571709.0
CLM_clones_1N,P1-H2-CGTACTAG-CGGAGAGA_S86_R1_001.fastq.gz,1278266.0
FLC_R2_clones_1N,P2-D11-TCATGAGC-ACTGCATA_S47_L005_R1_001.fastq.gz,1793158.0
GlyEtOH_1N,rGE-1-G10_S191.R1.fastq.gz,1291521.0
FLC_2N_Plate3,FLC-P3-C2-CGTACTAG-CTCCTTAC_S14_R1_001.fastq.gz,3852534.0
CLM_R2_clones_1N,P1-A12-ATCTCAGG-ATAGAGAG_S12_L001_R1_001.fastq.gz,945818.0
CLM_R2_clones_1N,P1-B11-GCTCATGA-AGAGGATA_S23_L001_R1_001.fastq.gz,1004881.0
CLM_R2_clones_1N,P1-A5-GGACTCCT-ATAGAGAG_S5_L001_R1_001.fastq.gz,865504.0
FLC_R2_clones_1N,P1-E7-GTAGAGAG-AAGGAGTA_S55_L004_R1_001.fastq.gz,824331.0
FLC_2N_Plate1,FLC-C1_S25_R1_001.fastq.gz,2014495.0
FLC_R1_clones_1N,P1-C1-TAGCGAGT-CCTAGAGT_S25_L008_R1_001.fastq.gz,1330366.0
FLC_R2_clones_1N,P2-B2-CTAGTACG-TATCCTCT_S14_L005_R1_001.fastq.gz,1166491.0
FLC_R1_clones_1N,P2-C9-TGCCTCTT-GTAAGGAG_S129_L008_R1_001.fastq.gz,1086518.0
FLC_R2_clones_1N,P2-B11-TCATGAGC-TATCCTCT_S23_L005_R1_001.fastq.gz,1748079.0
CLM_R2_clones_1N,P1-F10-GTAGAGGA-AGGCTTAG_S70_L001_R1_001.fastq.gz,1356993.0
FLC_R1_clones_1N,P1-G1-TAGCGAGT-GAGCCTTA_S73_L008_R1_001.fastq.gz,1657267.0
CLM_clones_1N,P1-F4-TCCTGAGC-AGGCTTAG_S64_R1_001.fastq.gz,1278359.0
CLM_clones_1N,P1-A5-GGACTCCT-ATAGAGAG_S5_R1_001.fastq.gz,57.0
FLC_2N_Plate1,FLC-D3_S39_R1_001.fastq.gz,3662753.0
CLM_R2_clones_1N,P1-E1-TAAGGCGA-TACTCCTT_S49_L001_R1_001.fastq.gz,428292.0
CLM_2N,CLM-D-1-B10_S59.R1.fastq.gz,1329131.0
FLC_R1_clones_1N,P2-B3-TTCTGCCT-TATCCTCT_S111_L008_R1_001.fastq.gz,914492.0
CLM_R2_clones_1N,P1-D11-GCTCATGA-TATGCAGT_S47_L001_R1_001.fastq.gz,699367.0
FLC_R1_clones_1N,P2-B4-GCTCAGGA-TATCCTCT_S112_L008_R1_001.fastq.gz,711170.0
FLC_R2_clones_1N,P1-D11-TCATGAGC-ACTGCATA_S47_L004_R1_001.fastq.gz,416794.0
FLC_2N_Plate2,FLC-P2-E11-TGCAGCTA-CTTAATAG_S59_R1_001.fastq.gz,3782666.0
GlyEtOH_1N,GE_1_A04_all.R1.fastq.gz,3214827.0
FLC_R2_clones_1N,P1-G8-CAGCCTCG-CGTCTAAT_S80_L004_R1_001.fastq.gz,573090.0
FLC_R1_clones_1N,P1-D2-GTAGCTCC-GCGTAAGA_S38_L008_R1_001.fastq.gz,1108692.0
CLM_clones_1N,P1-C8-CGAGGCTG-CTCCTTAC_S32_R1_001.fastq.gz,1083201.0
CLM_clones_1N,P1-E7-CTCTCTAC-TACTCCTT_S55_R1_001.fastq.gz,1588269.0
FLC_R1_clones_1N,P1-E1-TAGCGAGT-CTATTAAG_S49_L008_R1_001.fastq.gz,1378654.0
FLC_R2_clones_1N,P2-A4-GCTCAGGA-CTCTCTAT_S4_L005_R1_001.fastq.gz,1864519.0
FLC_R1_clones_1N,P2-A11-TCATGAGC-CTCTCTAT_S107_L008_R1_001.fastq.gz,877287.0
GlyEtOH_1N,GE_1_B05_all.R1.fastq.gz,1077638.0
FLC_R1_clones_1N,P2-F7-GTAGAGAG-CTAAGCCT_S163_L008_R1_001.fastq.gz,1708816.0
FLC_R1_clones_1N,P1-E2-GTAGCTCC-CTATTAAG_S50_L008_R1_001.fastq.gz,1153540.0
CLM_R2_clones_1N,P1-C7-CTCTCTAC-CTCCTTAC_S31_L001_R1_001.fastq.gz,879590.0
FLC_R1_clones_1N,P1-F3-TACTACGC-AAGGCTAT_S63_L008_R1_001.fastq.gz,1657585.0
FLC_R2_clones_1N,P2-F3-TTCTGCCT-CTAAGCCT_S63_L005_R1_001.fastq.gz,1612076.0
CLM_clones_1N,P1-H1-TAAGGCGA-CGGAGAGA_S85_R1_001.fastq.gz,1524725.0
CLM_clones_1N,P1-H10-GTAGAGGA-CGGAGAGA_S94_R1_001.fastq.gz,38.0
CLM_clones_1N,P1-A1-TAAGGCGA-ATAGAGAG_S1_R1_001.fastq.gz,47.0
CLM_clones_1N,P2-E9-CCTAAGAC-CTTAATAG_S153_R1_001.fastq.gz,1406877.0
CLM_R2_clones_1N,P1-G10-GTAGAGGA-ATTAGACG_S82_L001_R1_001.fastq.gz,946055.0
GlyEtOH_1N,GE_1_C01_all.R1.fastq.gz,1425937.0
FLC_2N_Plate1,FLC-E7_S55_R1_001.fastq.gz,267300.0
GlyEtOH_1N,GE_1_H04_all.R1.fastq.gz,3348309.0
FLC_R2_clones_1N,P2-G10-TCCTCTAC-CGTCTAAT_S82_L005_R1_001.fastq.gz,1760743.0
CLM_R2_clones_1N,P1-C9-AAGAGGCA-CTCCTTAC_S33_L001_R1_001.fastq.gz,844531.0
CLM_clones_1N,P2-F9-CCTAAGAC-ATAGCCTT_S165_R1_001.fastq.gz,1257191.0
FLC_R2_clones_1N,P2-D1-TCGCCTTA-ACTGCATA_S37_L005_R1_001.fastq.gz,2094736.0
GlyEtOH_1N,GE_1_A11_TAAGGCGA-ATCGCGCC.R1.fastq.gz,725096.0
GlyEtOH_1N,GE_1_D11_all.R1.fastq.gz,4140173.0
FLC_R2_clones_1N,P1-D4-GCTCAGGA-ACTGCATA_S40_L004_R1_001.fastq.gz,487431.0
FLC_R2_clones_1N,P1-G11-TCATGAGC-CGTCTAAT_S83_L004_R1_001.fastq.gz,522104.0
FLC_2N_Plate2,FLC-P2-B2-GGAGCTAC-AGCTAGAA_S14_R1_001.fastq.gz,1935414.0
FLC_2N_Plate2,FLC-P2-G9-CCTAAGAC-TAAGGCTC_S81_R1_001.fastq.gz,575.0
CLM_clones_1N,P2-H10-CGATCAGT-TCGCATAA_S190_R1_001.fastq.gz,1116964.0
FLC_R1_clones_1N,P2-F1-TCGCCTTA-CTAAGCCT_S157_L008_R1_001.fastq.gz,1009537.0
CLM_R2_clones_1N,P1-D4-TCCTGAGC-TATGCAGT_S40_L001_R1_001.fastq.gz,886576.0
CLM_clones_1N,P1-H12-ATCTCAGG-CGGAGAGA_S96_R1_001.fastq.gz,860479.0
FLC_R2_clones_1N,P2-F11-TCATGAGC-CTAAGCCT_S71_L005_R1_001.fastq.gz,1906693.0
FLC_2N_Plate2,FLC-P2-F5-TACGCTGC-ATAGCCTT_S65_R1_001.fastq.gz,35891.0
FLC_2N_Plate1,FLC-D12_S48_R1_001.fastq.gz,1138079.0
FLC_R2_clones_1N,P2-B3-TTCTGCCT-TATCCTCT_S15_L005_R1_001.fastq.gz,13354.0
CLM_clones_1N,P1-G9-AAGAGGCA-ATTAGACG_S81_R1_001.fastq.gz,2263400.0
FLC_R1_clones_1N,P1-E4-AGGCTCCG-CTATTAAG_S52_L008_R1_001.fastq.gz,1236143.0
CLM_2N,CLM-D-1-F6_S44.R1.fastq.gz,1279806.0
FLC_R2_clones_1N,P1-A3-TTCTGCCT-CTCTCTAT_S3_L004_R1_001.fastq.gz,718572.0
GlyEtOH_2N_20170616,Gly-F5-GGACTCCT-AGGCTTAG_S65_R1_001.fastq.gz,4141626.0
FLC_R1_clones_1N,P2-F2-CTAGTACG-CTAAGCCT_S158_L008_R1_001.fastq.gz,840873.0
FLC_R1_clones_1N,P1-D11-TAGCTGCA-GCGTAAGA_S47_L008_R1_001.fastq.gz,1451241.0
FLC_R2_clones_1N,P1-B4-GCTCAGGA-TATCCTCT_S16_L004_R1_001.fastq.gz,593131.0
FLC_R1_clones_1N,P1-F11-TAGCTGCA-AAGGCTAT_S71_L008_R1_001.fastq.gz,1655590.0
FLC_R1_clones_1N,P1-C9-GTCTTAGG-CCTAGAGT_S33_L008_R1_001.fastq.gz,1154734.0
FLC_R1_clones_1N,P2-B12-CCTGAGAT-TATCCTCT_S120_L008_R1_001.fastq.gz,2629.0
Dip_clone_Env,dBFA2_WGS_4D_1_B10_S60_R1_001.fastq.gz,1822185.0
FLC_R2_clones_1N,P2-A12-CCTGAGAT-CTCTCTAT_S12_L005_R1_001.fastq.gz,1979744.0
CLM_2N,CLM-D-1-D1_S33.R1.fastq.gz,1131688.0
GlyEtOH_1N,GE_1_E09_GGACTCCT-CAATCACA.R1.fastq.gz,847513.0
CLM_R2_clones_1N,P1-A11-GCTCATGA-ATAGAGAG_S11_L001_R1_001.fastq.gz,761296.0
FLC_2N_Plate2,FLC-P2-A11-TGCAGCTA-CTAGTCGA_S11_R1_001.fastq.gz,642082.0
FLC_2N_Plate2,FLC-P2-B9-CCTAAGAC-AGCTAGAA_S21_R1_001.fastq.gz,1362886.0
FLC_R1_clones_1N,P2-E9-TGCCTCTT-AAGGAGTA_S153_L008_R1_001.fastq.gz,1683416.0
FLC_R1_clones_1N,P2-B1-TCGCCTTA-TATCCTCT_S109_L008_R1_001.fastq.gz,542438.0
CLM_R2_clones_1N,P1-E10-GTAGAGGA-TACTCCTT_S58_L001_R1_001.fastq.gz,1321287.0
CLM_R2_clones_1N,P1-E7-CTCTCTAC-TACTCCTT_S55_L001_R1_001.fastq.gz,1031416.0
CLM_R2_clones_1N,P1-H3-AGGCAGAA-CGGAGAGA_S87_L001_R1_001.fastq.gz,223235.0
FLC_R1_clones_1N,P1-F7-GAGCGCTA-AAGGCTAT_S67_L008_R1_001.fastq.gz,1473790.0
CLM_clones_1N,P2-A11-TGCAGCTA-CTAGTCGA_S107_R1_001.fastq.gz,1009612.0
FLC_2N_Plate2,FLC-P2-B4-CGGAGCCT-AGCTAGAA_S16_R1_001.fastq.gz,1660499.0
FLC_2N_Plate2,FLC-P2-B7-TAGCGCTC-AGCTAGAA_S19_R1_001.fastq.gz,1565.0
FLC_2N_Plate2,FLC-P2-H1-ACTCGCTA-TCGCATAA_S85_R1_001.fastq.gz,1.0
FLC_2N_Plate1,FLC-G2_S74_R1_001.fastq.gz,367311.0
FLC_R1_clones_1N,P2-G2-CTAGTACG-CGTCTAAT_S170_L008_R1_001.fastq.gz,618540.0
CLM_clones_1N,P2-A9-CCTAAGAC-CTAGTCGA_S105_R1_001.fastq.gz,837925.0
CLM_clones_1N,P1-B10-GTAGAGGA-AGAGGATA_S22_R1_001.fastq.gz,41.0
GlyEtOH_1N,GE_1_B09_all.R1.fastq.gz,1892108.0
FLC_R2_clones_1N,P2-B10-TCCTCTAC-TATCCTCT_S22_L005_R1_001.fastq.gz,2180867.0
Dip_clone_Env,dBFA2_WGS_4C_1_F10_S22_R1_001.fastq.gz,1778545.0
GlyEtOH_1N,GE_1_D09_all.R1.fastq.gz,2877519.0
FLC_R1_clones_1N,P2-D1-TCGCCTTA-ACTGCATA_S133_L008_R1_001.fastq.gz,913386.0
FLC_R2_clones_1N,P1-F10-TCCTCTAC-CTAAGCCT_S70_L004_R1_001.fastq.gz,767516.0
FLC_R2_clones_1N,P1-F11-TCATGAGC-CTAAGCCT_S71_L004_R1_001.fastq.gz,494433.0
Dip_clone_Env,dBFA2_WGS_10C_4_C1_S15_R1_001.fastq.gz,2368754.0
FLC_2N_Plate2,FLC-P2-D12-TCGACGTC-TCTTACGC_S48_R1_001.fastq.gz,2226031.0
FLC_R2_clones_1N,P1-D3-TTCTGCCT-ACTGCATA_S39_L004_R1_001.fastq.gz,695550.0
FLC_R2_clones_1N,P2-F1-TCGCCTTA-CTAAGCCT_S61_L005_R1_001.fastq.gz,2010894.0
GlyEtOH_1N,GE_1_E01_all.R1.fastq.gz,1014687.0
GlyEtOH_1N,GE_1_H09_CAGAGAGG-CAATCACA.R1.fastq.gz,712520.0
FLC_R1_clones_1N,P1-E12-GACGTCGA-CTATTAAG_S60_L008_R1_001.fastq.gz,1784639.0
FLC_R1_clones_1N,P1-B7-GAGCGCTA-TTCTAGCT_S19_L008_R1_001.fastq.gz,58.0
FLC_2N_Plate2,FLC-P2-A10-CGATCAGT-CTAGTCGA_S10_R1_001.fastq.gz,593483.0
CLM_R2_clones_1N,P1-E12-ATCTCAGG-TACTCCTT_S60_L001_R1_001.fastq.gz,1063980.0
FLC_2N_Plate2,FLC-P2-E2-GGAGCTAC-CTTAATAG_S50_R1_001.fastq.gz,19861.0
FLC_2N_Plate2,FLC-P2-H7-TAGCGCTC-TCGCATAA_S91_R1_001.fastq.gz,3.0
FLC_R1_clones_1N,P1-E8-CGCTCAGT-CTATTAAG_S56_L008_R1_001.fastq.gz,1049206.0
GlyEtOH_2N_20170616,Gly-C9-AAGAGGCA-CTCCTTAC_S33_R1_001.fastq.gz,4512596.0
CLM_clones_1N,P1-F2-CGTACTAG-AGGCTTAG_S62_R1_001.fastq.gz,1075167.0
CLM_clones_1N,P2-F6-ATGCGCAG-ATAGCCTT_S162_R1_001.fastq.gz,1063715.0
FLC_R1_clones_1N,P1-G10-ACTGATCG-GAGCCTTA_S82_L008_R1_001.fastq.gz,1631175.0
FLC_R2_clones_1N,P2-D8-CAGCCTCG-ACTGCATA_S44_L005_R1_001.fastq.gz,1748266.0
FLC_R2_clones_1N,P2-A8-CAGCCTCG-CTCTCTAT_S8_L005_R1_001.fastq.gz,1782785.0
GlyEtOH_1N,GE_1_D02_all.R1.fastq.gz,2438728.0
FLC_R2_clones_1N,P2-F4-GCTCAGGA-CTAAGCCT_S64_L005_R1_001.fastq.gz,1786087.0
CLM_clones_1N,P2-B8-ACTGAGCG-AGCTAGAA_S116_R1_001.fastq.gz,1135874.0
FLC_R1_clones_1N,P2-D6-CATGCCTA-ACTGCATA_S138_L008_R1_001.fastq.gz,677680.0
GlyEtOH_1N,GE_1_D03_all.R1.fastq.gz,2678287.0
FLC_2N_Plate2,FLC-P2-A5-TACGCTGC-CTAGTCGA_S5_R1_001.fastq.gz,1197977.0
GlyEtOH_1N,GE_1_E02_all.R1.fastq.gz,1297146.0
CLM_R2_clones_1N,P1-C11-GCTCATGA-CTCCTTAC_S35_L001_R1_001.fastq.gz,721394.0
CLM_R2_clones_1N,P1-F3-AGGCAGAA-AGGCTTAG_S63_L001_R1_001.fastq.gz,1274380.0
FLC_R1_clones_1N,P1-E5-GCAGCGTA-CTATTAAG_S53_L008_R1_001.fastq.gz,1137874.0
CLM_clones_1N,P1-B9-AAGAGGCA-AGAGGATA_S21_R1_001.fastq.gz,1898646.0
CLM_clones_1N,P2-D11-TGCAGCTA-TCTTACGC_S143_R1_001.fastq.gz,1142014.0
CLM_R2_clones_1N,P1-B1-TAAGGCGA-AGAGGATA_S13_L001_R1_001.fastq.gz,332545.0
FLC_R1_clones_1N,P2-C12-CCTGAGAT-GTAAGGAG_S132_L008_R1_001.fastq.gz,906945.0
FLC_2N_Plate2,FLC-P2-A6-ATGCGCAG-CTAGTCGA_S6_R1_001.fastq.gz,1474160.0
GlyEtOH_1N,GE_1_G05_CTCTCTAC-GTCATTGA.R1.fastq.gz,607575.0
FLC_R2_clones_1N,P2-C9-TGCCTCTT-GTAAGGAG_S33_L005_R1_001.fastq.gz,1686455.0
CLM_R2_clones_1N,P1-G5-GGACTCCT-ATTAGACG_S77_L001_R1_001.fastq.gz,877599.0
FLC_2N_Plate2,FLC-P2-B11-TGCAGCTA-AGCTAGAA_S23_R1_001.fastq.gz,1302443.0
FLC_R2_clones_1N,P1-B6-CATGCCTA-TATCCTCT_S18_L004_R1_001.fastq.gz,897435.0
CLM_2N,CLM-D-1-C9_S54.R1.fastq.gz,2378616.0
CLM_R2_clones_1N,P1-A7-CTCTCTAC-ATAGAGAG_S7_L001_R1_001.fastq.gz,916493.0
CLM_clones_1N,P1-B2-CGTACTAG-AGAGGATA_S14_R1_001.fastq.gz,1188149.0
FLC_R2_clones_1N,P2-B4-GCTCAGGA-TATCCTCT_S16_L005_R1_001.fastq.gz,2195422.0
CLM_clones_1N,P2-D2-GGAGCTAC-TCTTACGC_S134_R1_001.fastq.gz,1051801.0
CLM_clones_1N,P2-H9-CCTAAGAC-TCGCATAA_S189_R1_001.fastq.gz,975296.0
GlyEtOH_1N,GE_2_B08_CGAGGCTG-TGAAACTG.R1.fastq.gz,691080.0
CLM_clones_1N,P2-C9-CCTAAGAC-ACTCTAGG_S129_R1_001.fastq.gz,1248061.0
CLM_2N,CLM-D-1-E1_S34.R1.fastq.gz,1255797.0
GlyEtOH_2N_20170616,Gly-E7-CTCTCTAC-TACTCCTT_S55_R1_001.fastq.gz,4777708.0
GlyEtOH_2N_20170616,Gly-H2-CGTACTAG-CGGAGAGA_S86_R1_001.fastq.gz,7.0
FLC_2N_Plate1,FLC-D9_S45_R1_001.fastq.gz,4677506.0
FLC_2N_Plate1,FLC-H8_S92_R1_001.fastq.gz,4.0
FLC_2N_Plate1,FLC-A11_S11_R1_001.fastq.gz,4703440.0
FLC_R1_clones_1N,P1-H3-TACTACGC-TTATGCGA_S87_L008_R1_001.fastq.gz,499690.0
FLC_R1_clones_1N,P1-C5-GCAGCGTA-CCTAGAGT_S29_L008_R1_001.fastq.gz,1025539.0
FLC_R1_clones_1N,P1-B5-GCAGCGTA-TTCTAGCT_S17_L008_R1_001.fastq.gz,68.0
CLM_clones_1N,P2-A10-CGATCAGT-CTAGTCGA_S106_R1_001.fastq.gz,1128143.0
FLC_R2_clones_1N,P2-C6-CATGCCTA-GTAAGGAG_S30_L005_R1_001.fastq.gz,1590914.0
FLC_R2_clones_1N,P2-F8-CAGCCTCG-CTAAGCCT_S68_L005_R1_001.fastq.gz,1827729.0
FLC_R2_clones_1N,P2-F10-TCCTCTAC-CTAAGCCT_S70_L005_R1_001.fastq.gz,1670607.0
FLC_R2_clones_1N,P1-C11-TCATGAGC-GTAAGGAG_S35_L004_R1_001.fastq.gz,399679.0
FLC_R1_clones_1N,P2-H2-CTAGTACG-TCTCTCCG_S182_L008_R1_001.fastq.gz,613567.0
FLC_R2_clones_1N,P2-F7-GTAGAGAG-CTAAGCCT_S67_L005_R1_001.fastq.gz,1537885.0
GlyEtOH_2N_20170616,Gly-B12-ATCTCAGG-AGAGGATA_S24_R1_001.fastq.gz,2409557.0
FLC_R2_clones_1N,P1-B1-TCGCCTTA-TATCCTCT_S13_L004_R1_001.fastq.gz,940923.0
CLM_clones_1N,P2-E8-ACTGAGCG-CTTAATAG_S152_R1_001.fastq.gz,1348904.0
FLC_R2_clones_1N,P2-F6-CATGCCTA-CTAAGCCT_S66_L005_R1_001.fastq.gz,1740380.0
CLM_clones_1N,P2-B1-ACTCGCTA-AGCTAGAA_S109_R1_001.fastq.gz,1162134.0
FLC_R1_clones_1N,P2-F6-CATGCCTA-CTAAGCCT_S162_L008_R1_001.fastq.gz,1105939.0
GlyEtOH_1N,rGE-1-E10_S189.R1.fastq.gz,2033493.0
GlyEtOH_1N,GE_1_E10_GGACTCCT-ACATGCAA.R1.fastq.gz,41.0
CLM_R2_clones_1N,P1-B3-AGGCAGAA-AGAGGATA_S15_L001_R1_001.fastq.gz,1180662.0
FLC_R1_clones_1N,P2-F9-TGCCTCTT-CTAAGCCT_S165_L008_R1_001.fastq.gz,1548093.0
GlyEtOH_2N_20170616,Gly-A8-CGAGGCTG-ATAGAGAG_S8_R1_001.fastq.gz,2441748.0
CLM_2N,CLM-D-1-A10_S58.R1.fastq.gz,1629172.0
FLC_R1_clones_1N,P2-G9-TGCCTCTT-CGTCTAAT_S177_L008_R1_001.fastq.gz,1781710.0
FLC_R2_clones_1N,P1-B5-AGGAGTCC-TATCCTCT_S17_L004_R1_001.fastq.gz,914960.0
CLM_R2_clones_1N,P1-F9-AAGAGGCA-AGGCTTAG_S69_L001_R1_001.fastq.gz,1197534.0
CLM_R2_clones_1N,P1-B6-TAGGCATG-AGAGGATA_S18_L001_R1_001.fastq.gz,1044712.0
GlyEtOH_1N,GE_1_C06_AGGCAGAA-GCATCGTT.R1.fastq.gz,678826.0
GlyEtOH_1N,GE_2_A09_all.R1.fastq.gz,460807.0
FLC_R2_clones_1N,P2-B6-CATGCCTA-TATCCTCT_S18_L005_R1_001.fastq.gz,1935551.0
CLM_clones_1N,P1-B8-CGAGGCTG-AGAGGATA_S20_R1_001.fastq.gz,1292443.0
GlyEtOH_2N_20170616,Gly-A6-TAGGCATG-ATAGAGAG_S6_R1_001.fastq.gz,4974158.0
FLC_R2_clones_1N,P2-D10-TCCTCTAC-ACTGCATA_S46_L005_R1_001.fastq.gz,2033249.0
GlyEtOH_2N_20170616,Gly-F4-TCCTGAGC-AGGCTTAG_S64_R1_001.fastq.gz,4914291.0
FLC_R2_clones_1N,P2-G9-TGCCTCTT-CGTCTAAT_S81_L005_R1_001.fastq.gz,12603.0
CLM_clones_1N,P2-E6-ATGCGCAG-CTTAATAG_S150_R1_001.fastq.gz,1529468.0
FLC_R1_clones_1N,P2-H9-TGCCTCTT-TCTCTCCG_S189_L008_R1_001.fastq.gz,474514.0
CLM_2N,CLM-D-1-H6_S46.R1.fastq.gz,1687922.0
FLC_R1_clones_1N,P1-D6-CTGCGCAT-GCGTAAGA_S42_L008_R1_001.fastq.gz,684097.0
FLC_2N_Plate2,FLC-P2-D3-GCGTAGTA-TCTTACGC_S39_R1_001.fastq.gz,2210129.0
FLC_R1_clones_1N,P1-D5-GCAGCGTA-GCGTAAGA_S41_L008_R1_001.fastq.gz,1168235.0
GlyEtOH_1N,GE_1_C02_all.R1.fastq.gz,1155710.0
CLM_2N,CLM-D-1-A6_S40.R1.fastq.gz,168828.0
FLC_R2_clones_1N,P2-C11-TCATGAGC-GTAAGGAG_S35_L005_R1_001.fastq.gz,1824235.0
GlyEtOH_2N_20170616,Gly-G10-GTAGAGGA-ATTAGACG_S82_R1_001.fastq.gz,107165.0
FLC_R2_clones_1N,P1-A4-GCTCAGGA-CTCTCTAT_S4_L004_R1_001.fastq.gz,309488.0
GlyEtOH_1N,rGE-1-B10_S186.R1.fastq.gz,1576862.0
CLM_clones_1N,P1-A11-GCTCATGA-ATAGAGAG_S11_R1_001.fastq.gz,1263304.0
FLC_R1_clones_1N,P1-E7-GAGCGCTA-CTATTAAG_S55_L008_R1_001.fastq.gz,1272600.0
FLC_R1_clones_1N,P1-B9-GTCTTAGG-TTCTAGCT_S21_L008_R1_001.fastq.gz,74.0
FLC_R2_clones_1N,P2-H9-TGCCTCTT-TCTCTCCG_S93_L005_R1_001.fastq.gz,2162741.0
CLM_2N,CLM-D-1-G10_S64.R1.fastq.gz,988012.0
CLM_clones_1N,P2-G4-CGGAGCCT-TAAGGCTC_S172_R1_001.fastq.gz,831022.0
FLC_2N_Plate2,FLC-P2-B8-ACTGAGCG-AGCTAGAA_S20_R1_001.fastq.gz,1531004.0
FLC_2N_Plate1,FLC-B10_S22_R1_001.fastq.gz,2945787.0
FLC_R2_clones_1N,P1-A11-TCATGAGC-CTCTCTAT_S11_L004_R1_001.fastq.gz,624062.0
FLC_R1_clones_1N,P2-H5-AGGAGTCC-TCTCTCCG_S185_L008_R1_001.fastq.gz,855722.0
GlyEtOH_1N,GE_1_B07_all.R1.fastq.gz,1770855.0
FLC_2N_Plate2,FLC-P2-C3-GCGTAGTA-ACTCTAGG_S27_R1_001.fastq.gz,3122464.0
Dip_clone_Env,dBFA2_WGS_11C_4_A9_S38_R1_001.fastq.gz,2200265.0
FLC_R1_clones_1N,P1-F9-GTCTTAGG-AAGGCTAT_S69_L008_R1_001.fastq.gz,1745261.0
FLC_2N_Plate3,FLC-P3-B6-TAGGCATG-AGAGGATA_S12_R1_001.fastq.gz,5265026.0
FLC_R2_clones_1N,P1-A6-CATGCCTA-CTCTCTAT_S6_L004_R1_001.fastq.gz,606456.0
FLC_R1_clones_1N,P2-G5-AGGAGTCC-CGTCTAAT_S173_L008_R1_001.fastq.gz,988766.0
GlyEtOH_2N_20170616,Gly-A10-GTAGAGGA-ATAGAGAG_S10_R1_001.fastq.gz,5196007.0
GlyEtOH_2N_20170616,Gly-H7-CTCTCTAC-CGGAGAGA_S91_R1_001.fastq.gz,21.0
CLM_clones_1N,P1-D6-TAGGCATG-TATGCAGT_S42_R1_001.fastq.gz,1664899.0
CLM_R2_clones_1N,P1-H7-CTCTCTAC-CGGAGAGA_S91_L001_R1_001.fastq.gz,1155669.0
GlyEtOH_2N_20170616,Gly-A7-CTCTCTAC-ATAGAGAG_S7_R1_001.fastq.gz,5271071.0
GlyEtOH_1N,GE_1_F04_all.R1.fastq.gz,3560063.0
FLC_R2_clones_1N,P1-G5-AGGAGTCC-CGTCTAAT_S77_L004_R1_001.fastq.gz,551690.0
GlyEtOH_2N_20170616,Gly-C11-GCTCATGA-CTCCTTAC_S35_R1_001.fastq.gz,4707355.0
GlyEtOH_2N_20170616,Gly-E11-GCTCATGA-TACTCCTT_S59_R1_001.fastq.gz,5250020.0
CLM_clones_1N,P1-E5-GGACTCCT-TACTCCTT_S53_R1_001.fastq.gz,1260503.0
GlyEtOH_2N_20170616,Gly-A9-AAGAGGCA-ATAGAGAG_S9_R1_001.fastq.gz,5277935.0
GlyEtOH_1N,GE_1_E06_GGACTCCT-GCATCGTT.R1.fastq.gz,719805.0
FLC_R1_clones_1N,P1-G5-GCAGCGTA-GAGCCTTA_S77_L008_R1_001.fastq.gz,1120435.0
FLC_2N_Plate1,FLC-G6_S78_R1_001.fastq.gz,696774.0
FLC_R2_clones_1N,P1-A1-TCGCCTTA-CTCTCTAT_S1_L004_R1_001.fastq.gz,1282743.0
FLC_R2_clones_1N,P1-E1-TCGCCTTA-AAGGAGTA_S49_L004_R1_001.fastq.gz,481700.0
CLM_clones_1N,P2-D8-ACTGAGCG-TCTTACGC_S140_R1_001.fastq.gz,1266140.0
FLC_R1_clones_1N,P1-H12-GACGTCGA-TTATGCGA_S96_L008_R1_001.fastq.gz,589884.0
FLC_2N_Plate1,FLC-A1_S1_R1_001.fastq.gz,4662022.0
GlyEtOH_2N_20170616,Gly-E10-GTAGAGGA-TACTCCTT_S58_R1_001.fastq.gz,5386174.0
GlyEtOH_2N_20170616,Gly-B11-GCTCATGA-AGAGGATA_S23_R1_001.fastq.gz,5291659.0
GlyEtOH_2N_20170616,Gly-H11-GCTCATGA-CGGAGAGA_S95_R1_001.fastq.gz,15.0
FLC_2N_Plate2,FLC-P2-B10-CGATCAGT-AGCTAGAA_S22_R1_001.fastq.gz,1296265.0
FLC_2N_Plate2,FLC-P2-F1-ACTCGCTA-ATAGCCTT_S61_R1_001.fastq.gz,3225383.0
FLC_R1_clones_1N,P1-C10-ACTGATCG-CCTAGAGT_S34_L008_R1_001.fastq.gz,1610858.0
FLC_R1_clones_1N,P1-C8-CGCTCAGT-CCTAGAGT_S32_L008_R1_001.fastq.gz,1139250.0
FLC_R1_clones_1N,P2-A12-CCTGAGAT-CTCTCTAT_S108_L008_R1_001.fastq.gz,2758.0
FLC_R1_clones_1N,P2-B10-TCCTCTAC-TATCCTCT_S118_L008_R1_001.fastq.gz,1327646.0
CLM_clones_1N,P2-H8-ACTGAGCG-TCGCATAA_S188_R1_001.fastq.gz,970991.0
FLC_R2_clones_1N,P2-D5-AGGAGTCC-ACTGCATA_S41_L005_R1_001.fastq.gz,1969679.0
Dip_clone_Env,dBFA2_WGS_6D_1_G10_S71_R1_001.fastq.gz,2085086.0
FLC_R2_clones_1N,P2-F5-AGGAGTCC-CTAAGCCT_S65_L005_R1_001.fastq.gz,1752061.0
CLM_clones_1N,P2-A4-CGGAGCCT-CTAGTCGA_S100_R1_001.fastq.gz,738743.0
GlyEtOH_1N,GE_2_B05_all.R1.fastq.gz,1958487.0
Dip_clone_Env,dBFA2_WGS_10C_4_G7_S36_R1_001.fastq.gz,2634725.0
CLM_clones_1N,P1-E3-AGGCAGAA-TACTCCTT_S51_R1_001.fastq.gz,1445286.0
FLC_R2_clones_1N,P2-G5-AGGAGTCC-CGTCTAAT_S77_L005_R1_001.fastq.gz,1779259.0
FLC_2N_Plate2,FLC-P2-A12-TCGACGTC-CTAGTCGA_S12_R1_001.fastq.gz,1037417.0
FLC_2N_Plate2,FLC-P2-G8-ACTGAGCG-TAAGGCTC_S80_R1_001.fastq.gz,136.0
CLM_clones_1N,P1-E12-ATCTCAGG-TACTCCTT_S60_R1_001.fastq.gz,1704454.0
CLM_2N,CLM-D-1-D8_S50.R1.fastq.gz,2053838.0
GlyEtOH_1N,GE_1_D05_all.R1.fastq.gz,1868967.0
FLC_R2_clones_1N,P2-G12-CCTGAGAT-CGTCTAAT_S84_L005_R1_001.fastq.gz,2056219.0
CLM_clones_1N,P1-D8-CGAGGCTG-TATGCAGT_S44_R1_001.fastq.gz,961924.0
FLC_2N_Plate1,FLC-D4_S40_R1_001.fastq.gz,3771099.0
FLC_2N_Plate1,FLC-C3_S27_R1_001.fastq.gz,1588548.0
CLM_R2_clones_1N,P1-G11-GCTCATGA-ATTAGACG_S83_L001_R1_001.fastq.gz,845747.0
GlyEtOH_1N,GE_1_H03_all.R1.fastq.gz,5066115.0
GlyEtOH_1N,GE_1_C07_AGGCAGAA-AGGTTGAC.R1.fastq.gz,626093.0
CLM_2N,CLM-D-1-G9_S57.R1.fastq.gz,2024866.0
FLC_R2_clones_1N,P2-C7-GTAGAGAG-GTAAGGAG_S31_L005_R1_001.fastq.gz,1641925.0
CLM_2N,CLM-C-1-B1_S26.R1.fastq.gz,1569024.0
Dip_clone_Env,dBFA2_WGS_10D_1_F1_S56_R1_001.fastq.gz,2513138.0
FLC_R1_clones_1N,P1-F5-GCAGCGTA-AAGGCTAT_S65_L008_R1_001.fastq.gz,1282134.0
GlyEtOH_1N,GE_2_A10_all.R1.fastq.gz,602853.0
CLM_clones_1N,P2-H3-GCGTAGTA-TCGCATAA_S183_R1_001.fastq.gz,1108050.0
FLC_R1_clones_1N,P2-B8-CAGCCTCG-TATCCTCT_S116_L008_R1_001.fastq.gz,1064329.0
FLC_2N_Plate3,FLC-P3-G2-CGTACTAG-ATTAGACG_S38_R1_001.fastq.gz,5889737.0
GlyEtOH_1N,GE_1_B08_all.R1.fastq.gz,1795401.0
GlyEtOH_1N,GE_2_B04_CGAGGCTG-TATAGACG.R1.fastq.gz,879279.0
GlyEtOH_1N,GE_1_F10_TAGGCATG-ACATGCAA.R1.fastq.gz,37.0
CLM_clones_1N,P2-C8-ACTGAGCG-ACTCTAGG_S128_R1_001.fastq.gz,1332582.0
CLM_clones_1N,P1-G3-AGGCAGAA-ATTAGACG_S75_R1_001.fastq.gz,2133408.0
CLM_clones_1N,P2-D4-CGGAGCCT-TCTTACGC_S136_R1_001.fastq.gz,1046930.0
FLC_R2_clones_1N,P2-B9-TGCCTCTT-TATCCTCT_S21_L005_R1_001.fastq.gz,2268773.0
FLC_2N_Plate2,FLC-P2-C6-ATGCGCAG-ACTCTAGG_S30_R1_001.fastq.gz,3268466.0
FLC_2N_Plate2,FLC-P2-G7-TAGCGCTC-TAAGGCTC_S79_R1_001.fastq.gz,484.0
FLC_2N_Plate2,FLC-P2-B3-GCGTAGTA-AGCTAGAA_S15_R1_001.fastq.gz,1384.0
CLM_clones_1N,P1-G8-CGAGGCTG-ATTAGACG_S80_R1_001.fastq.gz,1399287.0
FLC_R2_clones_1N,P1-B12-CCTGAGAT-TATCCTCT_S24_L004_R1_001.fastq.gz,897630.0
CLM_clones_1N,P1-D1-TAAGGCGA-TATGCAGT_S37_R1_001.fastq.gz,1307900.0
FLC_2N_Plate2,FLC-P2-C5-TACGCTGC-ACTCTAGG_S29_R1_001.fastq.gz,1680347.0
FLC_2N_Plate2,FLC-P2-F9-CCTAAGAC-ATAGCCTT_S69_R1_001.fastq.gz,3585250.0
FLC_R2_clones_1N,P2-A5-AGGAGTCC-CTCTCTAT_S5_L005_R1_001.fastq.gz,1755232.0
FLC_2N_Plate1,FLC-E12_S60_R1_001.fastq.gz,4537331.0
CLM_clones_1N,P1-C1-TAAGGCGA-CTCCTTAC_S25_R1_001.fastq.gz,1337814.0
FLC_R2_clones_1N,P1-D5-AGGAGTCC-ACTGCATA_S41_L004_R1_001.fastq.gz,719936.0
FLC_R2_clones_1N,P2-H4-GCTCAGGA-TCTCTCCG_S88_L005_R1_001.fastq.gz,1487060.0
FLC_2N_Plate1,FLC-B9_S21_R1_001.fastq.gz,3351419.0
CLM_2N,CLM-D-1-E6_S43.R1.fastq.gz,1269806.0
FLC_R2_clones_1N,P1-B2-CTAGTACG-TATCCTCT_S14_L004_R1_001.fastq.gz,699185.0
GlyEtOH_1N,rGE-1-A10_S185.R1.fastq.gz,1605924.0
GlyEtOH_1N,GE_1_H10_CAGAGAGG-ACATGCAA.R1.fastq.gz,41.0
FLC_2N_Plate3,FLC-P3-C5-GGACTCCT-CTCCTTAC_S17_R1_001.fastq.gz,6182243.0
FLC_2N_Plate2,FLC-P2-C7-TAGCGCTC-ACTCTAGG_S31_R1_001.fastq.gz,1621514.0
CLM_clones_1N,P1-F3-AGGCAGAA-AGGCTTAG_S63_R1_001.fastq.gz,1289667.0
FLC_R2_clones_1N,P2-D4-GCTCAGGA-ACTGCATA_S40_L005_R1_001.fastq.gz,1747469.0
CLM_clones_1N,P1-B5-GGACTCCT-AGAGGATA_S17_R1_001.fastq.gz,1622715.0
CLM_clones_1N,P2-D9-CCTAAGAC-TCTTACGC_S141_R1_001.fastq.gz,1317202.0
GlyEtOH_1N,GE_2_B07_all.R1.fastq.gz,1612131.0
Dip_clone_Env,dBFA2_WGS_4C_1_C5_S31_R1_001.fastq.gz,2240127.0
CLM_clones_1N,P1-G2-CGTACTAG-ATTAGACG_S74_R1_001.fastq.gz,1190558.0
GlyEtOH_1N,GE_1_H07_all.R1.fastq.gz,4699998.0
FLC_2N_Plate1,FLC-D2_S38_R1_001.fastq.gz,3776815.0
Dip_clone_Env,dBFA2_WGS_10D_1_B1_S73_R1_001.fastq.gz,2631184.0
CLM_2N,CLM-D-1-A4_S37.R1.fastq.gz,1582524.0
CLM_clones_1N,P1-C5-GGACTCCT-CTCCTTAC_S29_R1_001.fastq.gz,1148683.0
Dip_clone_Env,dBFA2_WGS_4C_1_D10_S68_R1_001.fastq.gz,2830127.0
GlyEtOH_1N,GE_1_H01_all.R1.fastq.gz,3019943.0
FLC_2N_Plate1,FLC-B1_S13_R1_001.fastq.gz,3672131.0
GlyEtOH_2N_20170616,Gly-A11-GCTCATGA-ATAGAGAG_S11_R1_001.fastq.gz,6195540.0
CLM_clones_1N,P1-D3-AGGCAGAA-TATGCAGT_S39_R1_001.fastq.gz,1161578.0
CLM_clones_1N,P2-D3-GCGTAGTA-TCTTACGC_S135_R1_001.fastq.gz,1194398.0
FLC_R2_clones_1N,P1-C7-GTAGAGAG-GTAAGGAG_S31_L004_R1_001.fastq.gz,624067.0
CLM_clones_1N,P1-C4-TCCTGAGC-CTCCTTAC_S28_R1_001.fastq.gz,731441.0
CLM_clones_1N,P1-D9-AAGAGGCA-TATGCAGT_S45_R1_001.fastq.gz,1718976.0
GlyEtOH_1N,GE_1_G12_CTCTCTAC-TCGGTTAA.R1.fastq.gz,756143.0
Dip_clone_Env,dBFA2_WGS_6C_1_A3_S13_R1_001.fastq.gz,2717005.0
FLC_R2_clones_1N,P2-E2-CTAGTACG-AAGGAGTA_S50_L005_R1_001.fastq.gz,1981206.0
GlyEtOH_1N,GE_2_A03_all.R1.fastq.gz,1021612.0
FLC_2N_Plate2,FLC-P2-C9-CCTAAGAC-ACTCTAGG_S33_R1_001.fastq.gz,1966659.0
FLC_2N_Plate2,FLC-P2-D4-CGGAGCCT-TCTTACGC_S40_R1_001.fastq.gz,1739534.0
CLM_clones_1N,P2-D6-ATGCGCAG-TCTTACGC_S138_R1_001.fastq.gz,1414246.0
GlyEtOH_1N,GE_1_C08_AGGCAGAA-TGAAACTG.R1.fastq.gz,637527.0
FLC_R2_clones_1N,P1-G9-TGCCTCTT-CGTCTAAT_S81_L004_R1_001.fastq.gz,609129.0
FLC_R2_clones_1N,P2-E1-TCGCCTTA-AAGGAGTA_S49_L005_R1_001.fastq.gz,2332740.0
CLM_R2_clones_1N,P1-E9-AAGAGGCA-TACTCCTT_S57_L001_R1_001.fastq.gz,1168161.0
FLC_R1_clones_1N,P2-C4-GCTCAGGA-GTAAGGAG_S124_L008_R1_001.fastq.gz,572520.0
GlyEtOH_2N_20170616,Gly-B10-GTAGAGGA-AGAGGATA_S22_R1_001.fastq.gz,6460420.0
GlyEtOH_1N,GE_1_G09_CTCTCTAC-CAATCACA.R1.fastq.gz,684928.0
FLC_R2_clones_1N,P1-H4-GCTCAGGA-TCTCTCCG_S88_L004_R1_001.fastq.gz,491428.0
FLC_R2_clones_1N,P2-E3-TTCTGCCT-AAGGAGTA_S51_L005_R1_001.fastq.gz,2108141.0
CLM_clones_1N,P2-D12-TCGACGTC-TCTTACGC_S144_R1_001.fastq.gz,740931.0
FLC_2N_Plate2,FLC-P2-F7-TAGCGCTC-ATAGCCTT_S67_R1_001.fastq.gz,3887955.0
CLM_clones_1N,P2-F7-TAGCGCTC-ATAGCCTT_S163_R1_001.fastq.gz,1134372.0
FLC_R2_clones_1N,P2-F12-CCTGAGAT-CTAAGCCT_S72_L005_R1_001.fastq.gz,1899202.0
FLC_R2_clones_1N,P2-C4-GCTCAGGA-GTAAGGAG_S28_L005_R1_001.fastq.gz,1519562.0
FLC_R2_clones_1N,P2-D9-TGCCTCTT-ACTGCATA_S45_L005_R1_001.fastq.gz,2136792.0
FLC_2N_Plate3,FLC-P3-D4-TCCTGAGC-TATGCAGT_S22_R1_001.fastq.gz,6756761.0
FLC_2N_Plate3,FLC-P3-D12-ATCTCAGG-TATGCAGT_S24_R1_001.fastq.gz,6783382.0
CLM_clones_1N,P2-B2-GGAGCTAC-AGCTAGAA_S110_R1_001.fastq.gz,915875.0
CLM_2N,CLM-D-1-C10_S60.R1.fastq.gz,1549547.0
FLC_R2_clones_1N,P2-A6-CATGCCTA-CTCTCTAT_S6_L005_R1_001.fastq.gz,2093853.0
FLC_2N_Plate2,FLC-P2-B5-TACGCTGC-AGCTAGAA_S17_R1_001.fastq.gz,1611422.0
FLC_2N_Plate1,FLC-A9_S9_R1_001.fastq.gz,1468006.0
FLC_R1_clones_1N,P1-E9-GTCTTAGG-CTATTAAG_S57_L008_R1_001.fastq.gz,1320950.0
FLC_2N_Plate1,FLC-F9_S69_R1_001.fastq.gz,4577559.0
CLM_clones_1N,P1-H7-CTCTCTAC-CGGAGAGA_S91_R1_001.fastq.gz,1514911.0
FLC_2N_Plate2,FLC-P2-E4-CGGAGCCT-CTTAATAG_S52_R1_001.fastq.gz,2507123.0
CLM_clones_1N,P2-D1-ACTCGCTA-TCTTACGC_S133_R1_001.fastq.gz,1201443.0
FLC_2N_Plate1,FLC-E10_S58_R1_001.fastq.gz,4386147.0
CLM_clones_1N,P2-B12-TCGACGTC-AGCTAGAA_S120_R1_001.fastq.gz,881671.0
GlyEtOH_1N,GE_1_A03_all.R1.fastq.gz,2505599.0
FLC_2N_Plate2,FLC-P2-C8-ACTGAGCG-ACTCTAGG_S32_R1_001.fastq.gz,212743.0
FLC_2N_Plate3,FLC-P3-G8-CGAGGCTG-ATTAGACG_S38_R1_001.fastq.gz,278684.0
GlyEtOH_1N,GE_1_B04_all.R1.fastq.gz,2235976.0
GlyEtOH_1N,GE_1_G02_all.R1.fastq.gz,885591.0
FLC_R2_clones_1N,P1-E8-CAGCCTCG-AAGGAGTA_S56_L004_R1_001.fastq.gz,363404.0
CLM_clones_1N,P1-G5-GGACTCCT-ATTAGACG_S77_R1_001.fastq.gz,1817961.0
CLM_R2_clones_1N,P1-C10-GTAGAGGA-CTCCTTAC_S34_L001_R1_001.fastq.gz,837865.0
GlyEtOH_1N,rGE-1-C10_S187.R1.fastq.gz,1841620.0
GlyEtOH_1N,GE_1_B03_all.R1.fastq.gz,1110002.0
GlyEtOH_1N,GE_1_A09_all.R1.fastq.gz,2870248.0
FLC_R2_clones_1N,P2-G7-GTAGAGAG-CGTCTAAT_S79_L005_R1_001.fastq.gz,1868368.0
FLC_R2_clones_1N,P1-H3-TTCTGCCT-TCTCTCCG_S87_L004_R1_001.fastq.gz,36834.0
CLM_2N,CLM-D-1-D9_S55.R1.fastq.gz,2036361.0
GlyEtOH_1N,GE_1_G08_CTCTCTAC-TGAAACTG.R1.fastq.gz,810896.0
CLM_R2_clones_1N,P1-H12-ATCTCAGG-CGGAGAGA_S96_L001_R1_001.fastq.gz,1165724.0
FLC_R2_clones_1N,P2-E6-CATGCCTA-AAGGAGTA_S54_L005_R1_001.fastq.gz,1810105.0
CLM_clones_1N,P2-E5-TACGCTGC-CTTAATAG_S149_R1_001.fastq.gz,1157693.0
FLC_2N_Plate1,FLC-F5_S65_R1_001.fastq.gz,4166711.0
GlyEtOH_1N,GE_1_G06_CTCTCTAC-GCATCGTT.R1.fastq.gz,684144.0
FLC_2N_Plate1,FLC-A12_S12_R1_001.fastq.gz,998214.0
FLC_2N_Plate2,FLC-P2-F8-ACTGAGCG-ATAGCCTT_S68_R1_001.fastq.gz,1768170.0
CLM_clones_1N,P2-A8-ACTGAGCG-CTAGTCGA_S104_R1_001.fastq.gz,765048.0
FLC_2N_Plate2,FLC-P2-E6-ATGCGCAG-CTTAATAG_S54_R1_001.fastq.gz,2056502.0
FLC_2N_Plate2,FLC-P2-H8-ACTGAGCG-TCGCATAA_S92_R1_001.fastq.gz,3.0
FLC_R2_clones_1N,P1-A12-CCTGAGAT-CTCTCTAT_S12_L004_R1_001.fastq.gz,1142469.0
FLC_2N_Plate3,FLC-P3-F12-ATCTCAGG-AGGCTTAG_S36_R1_001.fastq.gz,5596421.0
FLC_R2_clones_1N,P1-H9-TGCCTCTT-TCTCTCCG_S93_L004_R1_001.fastq.gz,661264.0
GlyEtOH_1N,GE_1_H11_all.R1.fastq.gz,5520420.0
GlyEtOH_1N,GE_1_C04_all.R1.fastq.gz,2809753.0
CLM_clones_1N,P1-H11-GCTCATGA-CGGAGAGA_S95_R1_001.fastq.gz,1639562.0
Dip_clone_Env,dBFA2_WGS_4C_1_H7_S42_R1_001.fastq.gz,2297667.0
CLM_2N,CLM-D-1-G1_S36.R1.fastq.gz,1607873.0
CLM_clones_1N,P1-E6-TAGGCATG-TACTCCTT_S54_R1_001.fastq.gz,1507107.0
CLM_2N,CLM-D-1-C8_S49.R1.fastq.gz,1213901.0
GlyEtOH_2N_20170616,Gly-G4-TCCTGAGC-ATTAGACG_S76_R1_001.fastq.gz,2630644.0
FLC_R2_clones_1N,P2-C1-TCGCCTTA-GTAAGGAG_S25_L005_R1_001.fastq.gz,1539181.0
GlyEtOH_1N,GE_1_E11_all.R1.fastq.gz,2558638.0
GlyEtOH_2N_20170616,Gly-D11-GCTCATGA-TATGCAGT_S47_R1_001.fastq.gz,3290293.0
GlyEtOH_1N,GE_1_F05_TAGGCATG-GTCATTGA.R1.fastq.gz,686692.0
GlyEtOH_1N,GE_2_A11_all.R1.fastq.gz,332932.0
CLM_2N,CLM-D-1-F1_S35.R1.fastq.gz,1946704.0
FLC_2N_Plate1,FLC-A2_S2_R1_001.fastq.gz,1915435.0
FLC_2N_Plate1,FLC-H3_S87_R1_001.fastq.gz,6.0
FLC_2N_Plate1,FLC-F3_S63_R1_001.fastq.gz,4730943.0
CLM_clones_1N,P2-H4-CGGAGCCT-TCGCATAA_S184_R1_001.fastq.gz,771976.0
GlyEtOH_2N_20170616,Gly-B6-TAGGCATG-AGAGGATA_S18_R1_001.fastq.gz,4948564.0
CLM_2N,CLM-D-1-F4_S39.R1.fastq.gz,1962665.0
CLM_2N,CLM-D-1-A9_S52.R1.fastq.gz,1723325.0
FLC_2N_Plate2,FLC-P2-D7-TAGCGCTC-TCTTACGC_S43_R1_001.fastq.gz,1954231.0
FLC_R2_clones_1N,P2-G11-TCATGAGC-CGTCTAAT_S83_L005_R1_001.fastq.gz,1706857.0
FLC_2N_Plate3,FLC-P3-B12-ATCTCAGG-AGAGGATA_S12_R1_001.fastq.gz,7833789.0
FLC_R2_clones_1N,P2-E4-GCTCAGGA-AAGGAGTA_S52_L005_R1_001.fastq.gz,1396683.0
FLC_2N_Plate1,FLC-E4_S52_R1_001.fastq.gz,4400969.0
FLC_2N_Plate1,FLC-E8_S56_R1_001.fastq.gz,3720.0
FLC_2N_Plate3,FLC-P3-D2-CGTACTAG-TATGCAGT_S20_R1_001.fastq.gz,4245717.0
FLC_2N_Plate2,FLC-P2-F3-GCGTAGTA-ATAGCCTT_S63_R1_001.fastq.gz,5232773.0
FLC_2N_Plate1,FLC-G4_S76_R1_001.fastq.gz,69515.0
GlyEtOH_2N_20170616,Gly-C6-TAGGCATG-CTCCTTAC_S30_R1_001.fastq.gz,3403954.0
CLM_clones_1N,P1-E11-GCTCATGA-TACTCCTT_S59_R1_001.fastq.gz,1825441.0
GlyEtOH_2N_20170616,Gly-E8-CGAGGCTG-TACTCCTT_S56_R1_001.fastq.gz,4581778.0
FLC_2N_Plate3,FLC-P3-B3-AGGCAGAA-AGAGGATA_S9_R1_001.fastq.gz,7900918.0
GlyEtOH_2N_20170616,Gly-G11-GCTCATGA-ATTAGACG_S83_R1_001.fastq.gz,38525.0
Dip_clone_Env,dBFA2_WGS_6D_1_G3_S62_R1_001.fastq.gz,1338663.0
FLC_R2_clones_1N,P2-A11-TCATGAGC-CTCTCTAT_S11_L005_R1_001.fastq.gz,1707502.0
GlyEtOH_2N_20170616,Gly-C4-TCCTGAGC-CTCCTTAC_S28_R1_001.fastq.gz,3026621.0
FLC_2N_Plate2,FLC-P2-F11-TGCAGCTA-ATAGCCTT_S71_R1_001.fastq.gz,2252367.0
GlyEtOH_1N,GE_1_A02_all.R1.fastq.gz,1771725.0
FLC_2N_Plate3,FLC-P3-F11-GCTCATGA-AGGCTTAG_S35_R1_001.fastq.gz,227498.0
GlyEtOH_1N,GE_1_E12_all.R1.fastq.gz,2832608.0
CLM_clones_1N,P1-H5-GGACTCCT-CGGAGAGA_S89_R1_001.fastq.gz,1629025.0
GlyEtOH_1N,GE_2_A05_all.R1.fastq.gz,891053.0
CLM_clones_1N,P1-D2-CGTACTAG-TATGCAGT_S38_R1_001.fastq.gz,1015561.0
GlyEtOH_1N,GE_1_H05_all.R1.fastq.gz,3832386.0
FLC_2N_Plate1,FLC-F7_S67_R1_001.fastq.gz,3876130.0
GlyEtOH_2N_20170616,Gly-E3-AGGCAGAA-TACTCCTT_S51_R1_001.fastq.gz,5521351.0
FLC_2N_Plate1,FLC-G3_S75_R1_001.fastq.gz,7466170.0
GlyEtOH_1N,GE_1_E03_all.R1.fastq.gz,2294471.0
Dip_clone_Env,dBFA2_WGS_6C_1_H6_S70_R1_001.fastq.gz,2942705.0
FLC_R2_clones_1N,P1-G1-TCGCCTTA-CGTCTAAT_S73_L004_R1_001.fastq.gz,593268.0
GlyEtOH_2N_20170616,Gly-G8-CGAGGCTG-ATTAGACG_S80_R1_001.fastq.gz,3083100.0
GlyEtOH_1N,GE_1_B11_all.R1.fastq.gz,1616697.0
FLC_2N_Plate2,FLC-P2-C4-CGGAGCCT-ACTCTAGG_S28_R1_001.fastq.gz,2330283.0
CLM_2N,CLM-D-1-A8_S47.R1.fastq.gz,1721161.0
GlyEtOH_1N,GE_1_D08_all.R1.fastq.gz,2299193.0
FLC_2N_Plate1,FLC-B12_S24_R1_001.fastq.gz,764712.0
FLC_2N_Plate3,FLC-P3-G12-ATCTCAGG-ATTAGACG_S42_R1_001.fastq.gz,8668388.0
CLM_clones_1N,P2-H12-TCGACGTC-TCGCATAA_S192_R1_001.fastq.gz,696382.0
GlyEtOH_1N,GE_1_G01_all.R1.fastq.gz,2899963.0
GlyEtOH_1N,GE_2_B02_all.R1.fastq.gz,1742952.0
Dip_clone_Env,dBFA2_WGS_11C_4_E4_S19_R1_001.fastq.gz,2299849.0
Dip_clone_Env,dBFA2_WGS_11C_4_G8_S67_R1_001.fastq.gz,2204205.0
FLC_2N_Plate3,FLC-P3-G7-CTCTCTAC-ATTAGACG_S37_R1_001.fastq.gz,8906780.0
GlyEtOH_2N_20170616,Gly-F7-CTCTCTAC-AGGCTTAG_S67_R1_001.fastq.gz,3971127.0
GlyEtOH_2N_20170616,Gly-D12-ATCTCAGG-TATGCAGT_S48_R1_001.fastq.gz,193.0
GlyEtOH_2N_20170616,Gly-H9-AAGAGGCA-CGGAGAGA_S93_R1_001.fastq.gz,40.0
CLM_clones_1N,P2-A12-TCGACGTC-CTAGTCGA_S108_R1_001.fastq.gz,788769.0
GlyEtOH_1N,GE_2_B03_CGAGGCTG-GATGACGG.R1.fastq.gz,637254.0
FLC_2N_Plate1,FLC-D6_S42_R1_001.fastq.gz,5619201.0
GlyEtOH_1N,GE_1_F11_TAGGCATG-ATCGCGCC.R1.fastq.gz,763725.0
FLC_2N_Plate1,FLC-C8_S32_R1_001.fastq.gz,2402229.0
GlyEtOH_1N,GE_1_D04_all.R1.fastq.gz,2800576.0
FLC_2N_Plate3,FLC-P3-E12-ATCTCAGG-TACTCCTT_S30_R1_001.fastq.gz,8218503.0
Dip_clone_Env,dBFA2_WGS_6C_1_C6_S43_R1_001.fastq.gz,2076967.0
CLM_clones_1N,P2-B5-TACGCTGC-AGCTAGAA_S113_R1_001.fastq.gz,1133280.0
FLC_2N_Plate1,FLC-A4_S4_R1_001.fastq.gz,648173.0
FLC_2N_Plate1,FLC-D1_S37_R1_001.fastq.gz,2974051.0
GlyEtOH_1N,GE_1_F07_TAGGCATG-AGGTTGAC.R1.fastq.gz,659639.0
FLC_2N_Plate2,FLC-P2-E1-ACTCGCTA-CTTAATAG_S49_R1_001.fastq.gz,7705310.0
GlyEtOH_2N_20170616,Gly-C10-GTAGAGGA-CTCCTTAC_S34_R1_001.fastq.gz,4183424.0
CLM_clones_1N,P2-G5-TACGCTGC-TAAGGCTC_S173_R1_001.fastq.gz,764155.0
CLM_2N,CLM-D-1-C6_S42.R1.fastq.gz,1709784.0
FLC_2N_Plate3,FLC-P3-D7-CTCTCTAC-TATGCAGT_S19_R1_001.fastq.gz,9294938.0
GlyEtOH_1N,GE_1_F01_all.R1.fastq.gz,2323959.0
GlyEtOH_1N,GE_2_A06_all.R1.fastq.gz,360880.0
Dip_clone_Env,dBFA2_WGS_11C_4_C10_S66_R1_001.fastq.gz,1678728.0
CLM_R2_clones_1N,P1-H5-GGACTCCT-CGGAGAGA_S89_L001_R1_001.fastq.gz,1184495.0
GlyEtOH_1N,GE_1_A12_all.R1.fastq.gz,2397302.0
CLM_clones_1N,P1-D4-TCCTGAGC-TATGCAGT_S40_R1_001.fastq.gz,1282346.0
FLC_2N_Plate1,FLC-E2_S50_R1_001.fastq.gz,4050242.0
CLM_R2_clones_1N,P1-D5-GGACTCCT-TATGCAGT_S41_L001_R1_001.fastq.gz,962060.0
FLC_2N_Plate2,FLC-P2-D5-TACGCTGC-TCTTACGC_S41_R1_001.fastq.gz,1617823.0
CLM_clones_1N,P2-F2-GGAGCTAC-ATAGCCTT_S158_R1_001.fastq.gz,1034729.0
GlyEtOH_1N,GE_1_F09_TAGGCATG-CAATCACA.R1.fastq.gz,651233.0
CLM_2N,CLM-D-1-B4_S38.R1.fastq.gz,1732542.0
Dip_clone_Env,dBFA2_WGS_10C_4_D1_S35_R1_001.fastq.gz,3809866.0
FLC_2N_Plate2,FLC-P2-C2-GGAGCTAC-ACTCTAGG_S26_R1_001.fastq.gz,958984.0
Dip_clone_Env,dBFA2_WGS_11D_1_B6_S10_R1_001.fastq.gz,1570755.0
GlyEtOH_2N_20170616,Gly-F9-AAGAGGCA-AGGCTTAG_S69_R1_001.fastq.gz,5866165.0
GlyEtOH_1N,GE_1_C05_AGGCAGAA-GTCATTGA.R1.fastq.gz,655539.0
GlyEtOH_2N_20170616,Gly-B2-CGTACTAG-AGAGGATA_S14_R1_001.fastq.gz,3064034.0
FLC_2N_Plate2,FLC-P2-G3-GCGTAGTA-TAAGGCTC_S75_R1_001.fastq.gz,3146089.0
GlyEtOH_1N,GE_2_A01_all.R1.fastq.gz,1344213.0
Dip_clone_Env,dBFA2_WGS_10D_1_B5_S7_R1_001.fastq.gz,2134900.0
Dip_clone_Env,dBFA2_WGS_10C_4_E8_S72_R1_001.fastq.gz,2676509.0
CLM_clones_1N,P1-H4-TCCTGAGC-CGGAGAGA_S88_R1_001.fastq.gz,1188821.0
FLC_2N_Plate2,FLC-P2-D6-ATGCGCAG-TCTTACGC_S42_R1_001.fastq.gz,1896835.0
GlyEtOH_2N_20170616,Gly-F8-CGAGGCTG-AGGCTTAG_S68_R1_001.fastq.gz,4484700.0
CLM_clones_1N,P2-C1-ACTCGCTA-ACTCTAGG_S121_R1_001.fastq.gz,980370.0
GlyEtOH_2N_20170616,Gly-G2-CGTACTAG-ATTAGACG_S74_R1_001.fastq.gz,62650.0
FLC_2N_Plate1,FLC-B2_S14_R1_001.fastq.gz,2589658.0
FLC_2N_Plate1,FLC-H5_S89_R1_001.fastq.gz,3.0
GlyEtOH_1N,GE_1_E08_GGACTCCT-TGAAACTG.R1.fastq.gz,727613.0
GlyEtOH_1N,GE_1_A01_all.R1.fastq.gz,2246080.0
GlyEtOH_2N_20170616,Gly-A4-TCCTGAGC-ATAGAGAG_S4_R1_001.fastq.gz,4417106.0
GlyEtOH_2N_20170616,Gly-D10-GTAGAGGA-TATGCAGT_S46_R1_001.fastq.gz,4609175.0
CLM_clones_1N,P1-G4-TCCTGAGC-ATTAGACG_S76_R1_001.fastq.gz,1507549.0
FLC_2N_Plate1,FLC-C10_S34_R1_001.fastq.gz,2331767.0
FLC_2N_Plate2,FLC-P2-E12-TCGACGTC-CTTAATAG_S60_R1_001.fastq.gz,3515709.0
FLC_2N_Plate2,FLC-P2-H5-TACGCTGC-TCGCATAA_S89_R1_001.fastq.gz,3.0
FLC_2N_Plate2,FLC-P2-F2-GGAGCTAC-ATAGCCTT_S62_R1_001.fastq.gz,2810436.0
FLC_2N_Plate1,FLC-D10_S46_R1_001.fastq.gz,84837.0
FLC_2N_Plate3,FLC-P3-E10-GTAGAGGA-TACTCCTT_S28_R1_001.fastq.gz,3040601.0
GlyEtOH_2N_20170616,Gly-D8-CGAGGCTG-TATGCAGT_S44_R1_001.fastq.gz,2061519.0
GlyEtOH_2N_20170616,Gly-F1-TAAGGCGA-AGGCTTAG_S61_R1_001.fastq.gz,4524179.0
Dip_clone_Env,dBFA2_WGS_6D_1_A4_S14_R1_001.fastq.gz,1627974.0
FLC_2N_Plate1,FLC-F2_S62_R1_001.fastq.gz,4200055.0
FLC_2N_Plate1,FLC-H12_S96_R1_001.fastq.gz,1.0
FLC_2N_Plate1,FLC-G12_S84_R1_001.fastq.gz,329.0
GlyEtOH_2N_20170616,Gly-G5-GGACTCCT-ATTAGACG_S77_R1_001.fastq.gz,2227542.0
Dip_clone_Env,dBFA2_WGS_10D_1_D5_S27_R1_001.fastq.gz,1895786.0
Dip_clone_Env,dBFA2_WGS_6D_1_A9_S24_R1_001.fastq.gz,1679924.0
GlyEtOH_2N_20170616,Gly-B1-TAAGGCGA-AGAGGATA_S13_R1_001.fastq.gz,4873436.0
Dip_clone_Env,dBFA2_WGS_4C_1_D9_S59_R1_001.fastq.gz,2294694.0
Dip_clone_Env,dBFA2_WGS_4D_1_H9_S3_R1_001.fastq.gz,2189925.0
CLM_clones_1N,P2-C4-CGGAGCCT-ACTCTAGG_S124_R1_001.fastq.gz,1085133.0
FLC_2N_Plate1,FLC-B8_S20_R1_001.fastq.gz,3758111.0
CLM_clones_1N,P1-C9-AAGAGGCA-CTCCTTAC_S33_R1_001.fastq.gz,1606393.0
GlyEtOH_2N_20170616,Gly-G12-ATCTCAGG-ATTAGACG_S84_R1_001.fastq.gz,5355019.0
FLC_2N_Plate3,FLC-P3-C6-TAGGCATG-CTCCTTAC_S18_R1_001.fastq.gz,7134381.0
FLC_2N_Plate3,FLC-P3-C4-TCCTGAGC-CTCCTTAC_S16_R1_001.fastq.gz,2091012.0
CLM_clones_1N,P2-G10-CGATCAGT-TAAGGCTC_S178_R1_001.fastq.gz,1007230.0
FLC_2N_Plate1,FLC-F6_S66_R1_001.fastq.gz,6031078.0
FLC_2N_Plate1,FLC-A6_S6_R1_001.fastq.gz,4677.0
GlyEtOH_1N,GE_1_G04_all.R1.fastq.gz,3839225.0
GlyEtOH_1N,GE_1_D07_all.R1.fastq.gz,3517631.0
CLM_clones_1N,P1-H6-TAGGCATG-CGGAGAGA_S90_R1_001.fastq.gz,909420.0
CLM_clones_1N,P1-C3-AGGCAGAA-CTCCTTAC_S27_R1_001.fastq.gz,1215695.0
FLC_2N_Plate1,FLC-G5_S77_R1_001.fastq.gz,4810895.0
FLC_2N_Plate1,FLC-G10_S82_R1_001.fastq.gz,744.0
CLM_clones_1N,P2-F10-CGATCAGT-ATAGCCTT_S166_R1_001.fastq.gz,1462242.0
GlyEtOH_2N_20170616,Gly-F11-GCTCATGA-AGGCTTAG_S71_R1_001.fastq.gz,1405259.0
CLM_clones_1N,P1-C7-CTCTCTAC-CTCCTTAC_S31_R1_001.fastq.gz,1474284.0
CLM_clones_1N,P1-D10-GTAGAGGA-TATGCAGT_S46_R1_001.fastq.gz,40.0
GlyEtOH_2N_20170616,Gly-G1-TAAGGCGA-ATTAGACG_S73_R1_001.fastq.gz,3078647.0
FLC_2N_Plate3,FLC-P3-D6-TAGGCATG-TATGCAGT_S24_R1_001.fastq.gz,5233978.0
FLC_2N_Plate3,FLC-P3-A1-TAAGGCGA-ATAGAGAG_S1_R1_001.fastq.gz,5500015.0
FLC_2N_Plate3,FLC-P3-C3-AGGCAGAA-CTCCTTAC_S15_R1_001.fastq.gz,7680159.0
GlyEtOH_2N_20170616,Gly-B8-CGAGGCTG-AGAGGATA_S20_R1_001.fastq.gz,3901766.0
FLC_2N_Plate3,FLC-P3-F8-CGAGGCTG-AGGCTTAG_S32_R1_001.fastq.gz,3399963.0
FLC_2N_Plate1,FLC-C11_S35_R1_001.fastq.gz,5995677.0
CLM_clones_1N,P2-D7-TAGCGCTC-TCTTACGC_S139_R1_001.fastq.gz,1017911.0
CLM_clones_1N,P1-A2-CGTACTAG-ATAGAGAG_S2_R1_001.fastq.gz,287698.0
CLM_R2_clones_1N,P1-E11-GCTCATGA-TACTCCTT_S59_L001_R1_001.fastq.gz,997956.0
CLM_R2_clones_1N,P1-A3-AGGCAGAA-ATAGAGAG_S3_L001_R1_001.fastq.gz,995942.0
FLC_2N_Plate1,FLC-E6_S54_R1_001.fastq.gz,6005785.0
Dip_clone_Env,dBFA2_WGS_4D_1_C9_S69_R1_001.fastq.gz,3293674.0
FLC_2N_Plate3,FLC-P3-A10-GTAGAGGA-ATAGAGAG_S4_R1_001.fastq.gz,6585031.0
FLC_2N_Plate1,FLC-B4_S16_R1_001.fastq.gz,2457097.0
Dip_clone_Env,dBFA2_WGS_10D_1_H6_S74_R1_001.fastq.gz,2488899.0
GlyEtOH_2N_20170616,Gly-E1-TAAGGCGA-TACTCCTT_S49_R1_001.fastq.gz,3883434.0
CLM_clones_1N,P1-G1-TAAGGCGA-ATTAGACG_S73_R1_001.fastq.gz,1471116.0
FLC_2N_Plate1,FLC-A10_S10_R1_001.fastq.gz,1857543.0
CLM_clones_1N,P2-F8-ACTGAGCG-ATAGCCTT_S164_R1_001.fastq.gz,1101695.0
CLM_clones_1N,P2-F11-TGCAGCTA-ATAGCCTT_S167_R1_001.fastq.gz,1140151.0
CLM_clones_1N,P2-G6-ATGCGCAG-TAAGGCTC_S174_R1_001.fastq.gz,1116861.0
FLC_2N_Plate3,FLC-P3-G3-AGGCAGAA-ATTAGACG_S39_R1_001.fastq.gz,12166297.0
CLM_clones_1N,P1-C11-GCTCATGA-CTCCTTAC_S35_R1_001.fastq.gz,1501713.0
FLC_2N_Plate1,FLC-E9_S57_R1_001.fastq.gz,5764201.0
FLC_2N_Plate2,FLC-P2-C12-TCGACGTC-ACTCTAGG_S36_R1_001.fastq.gz,2720764.0
CLM_clones_1N,P1-F5-GGACTCCT-AGGCTTAG_S65_R1_001.fastq.gz,1331618.0
CLM_clones_1N,P1-C6-TAGGCATG-CTCCTTAC_S30_R1_001.fastq.gz,1277378.0
FLC_2N_Plate1,FLC-G7_S79_R1_001.fastq.gz,1175995.0
FLC_2N_Plate3,FLC-P3-D9-AAGAGGCA-TATGCAGT_S21_R1_001.fastq.gz,4916547.0
FLC_2N_Plate1,FLC-A5_S5_R1_001.fastq.gz,2030538.0
CLM_clones_1N,P1-F7-CTCTCTAC-AGGCTTAG_S67_R1_001.fastq.gz,1619374.0
Dip_clone_Env,dBFA2_WGS_6C_1_D4_S52_R1_001.fastq.gz,1966560.0
Dip_clone_Env,dBFA2_WGS_10D_1_A6_S64_R1_001.fastq.gz,2536043.0
FLC_2N_Plate3,FLC-P3-E1-TAAGGCGA-TACTCCTT_S25_R1_001.fastq.gz,9546246.0
FLC_2N_Plate2,FLC-P2-E3-GCGTAGTA-CTTAATAG_S51_R1_001.fastq.gz,3973342.0
FLC_2N_Plate2,FLC-P2-G1-ACTCGCTA-TAAGGCTC_S73_R1_001.fastq.gz,434.0
Dip_clone_Env,dBFA2_WGS_11C_4_E8_S29_R1_001.fastq.gz,1779147.0
FLC_2N_Plate3,FLC-P3-D1-TAAGGCGA-TATGCAGT_S19_R1_001.fastq.gz,4845469.0
FLC_2N_Plate3,FLC-P3-B4-TCCTGAGC-AGAGGATA_S10_R1_001.fastq.gz,6432301.0
FLC_2N_Plate2,FLC-P2-F6-ATGCGCAG-ATAGCCTT_S66_R1_001.fastq.gz,3225907.0
CLM_clones_1N,P2-B7-TAGCGCTC-AGCTAGAA_S115_R1_001.fastq.gz,1046152.0
Dip_clone_Env,dBFA2_WGS_4C_1_A7_S11_R1_001.fastq.gz,1686215.0
FLC_2N_Plate1,FLC-C5_S29_R1_001.fastq.gz,1854534.0
CLM_clones_1N,P1-F8-CGAGGCTG-AGGCTTAG_S68_R1_001.fastq.gz,1432554.0
GlyEtOH_2N_20170616,Gly-C3-AGGCAGAA-CTCCTTAC_S27_R1_001.fastq.gz,4276139.0
FLC_2N_Plate1,FLC-F1_S61_R1_001.fastq.gz,3894121.0
GlyEtOH_2N_20170616,Gly-F10-GTAGAGGA-AGGCTTAG_S70_R1_001.fastq.gz,6337398.0
GlyEtOH_2N_20170616,Gly-H8-CGAGGCTG-CGGAGAGA_S92_R1_001.fastq.gz,25.0
GlyEtOH_2N_20170616,Gly-H4-TCCTGAGC-CGGAGAGA_S88_R1_001.fastq.gz,40.0
GlyEtOH_2N_20170616,Gly-B5-GGACTCCT-AGAGGATA_S17_R1_001.fastq.gz,4287091.0
GlyEtOH_2N_20170616,Gly-E9-AAGAGGCA-TACTCCTT_S57_R1_001.fastq.gz,5752889.0
GlyEtOH_2N_20170616,Gly-G6-TAGGCATG-ATTAGACG_S78_R1_001.fastq.gz,6621656.0
FLC_2N_Plate1,FLC-C7_S31_R1_001.fastq.gz,1546280.0
GlyEtOH_2N_20170616,Gly-A1-TAAGGCGA-ATAGAGAG_S1_R1_001.fastq.gz,4038476.0
CLM_clones_1N,P2-H11-TGCAGCTA-TCGCATAA_S191_R1_001.fastq.gz,802073.0
GlyEtOH_2N_20170616,Gly-E6-TAGGCATG-TACTCCTT_S54_R1_001.fastq.gz,4812293.0
FLC_2N_Plate3,FLC-P3-F2-CGTACTAG-AGGCTTAG_S32_R1_001.fastq.gz,5185229.0
Dip_clone_Env,dBFA2_WGS_11C_4_D9_S9_R1_001.fastq.gz,2353752.0
GlyEtOH_2N_20170616,Gly-E5-GGACTCCT-TACTCCTT_S53_R1_001.fastq.gz,3756644.0
GlyEtOH_2N_20170616,Gly-C2-CGTACTAG-CTCCTTAC_S26_R1_001.fastq.gz,2104754.0
GlyEtOH_2N_20170616,Gly-B7-CTCTCTAC-AGAGGATA_S19_R1_001.fastq.gz,5342208.0
GlyEtOH_2N_20170616,Gly-F3-AGGCAGAA-AGGCTTAG_S63_R1_001.fastq.gz,6500372.0
FLC_2N_Plate3,FLC-P3-C10-GTAGAGGA-CTCCTTAC_S16_R1_001.fastq.gz,299611.0
FLC_2N_Plate3,FLC-P3-A5-GGACTCCT-ATAGAGAG_S5_R1_001.fastq.gz,5450251.0
GlyEtOH_2N_20170616,Gly-D7-CTCTCTAC-TATGCAGT_S43_R1_001.fastq.gz,4433037.0
FLC_2N_Plate1,FLC-E3_S51_R1_001.fastq.gz,5637965.0
Dip_clone_Env,dBFA2_WGS_6D_1_B11_S34_R1_001.fastq.gz,3451490.0
Dip_clone_Env,dBFA2_WGS_4D_1_A2_S51_R1_001.fastq.gz,2645674.0
Dip_clone_Env,dBFA2_WGS_6D_1_F2_S53_R1_001.fastq.gz,1879148.0
FLC_2N_Plate3,FLC-P3-A8-CGAGGCTG-ATAGAGAG_S2_R1_001.fastq.gz,3252698.0
Dip_clone_Env,dBFA2_WGS_4C_1_C7_S41_R1_001.fastq.gz,2212188.0
GlyEtOH_2N_20170616,Gly-D3-AGGCAGAA-TATGCAGT_S39_R1_001.fastq.gz,4996254.0
FLC_2N_Plate3,FLC-P3-A3-AGGCAGAA-ATAGAGAG_S3_R1_001.fastq.gz,1978646.0
Dip_clone_Env,dBFA2_WGS_10C_4_B3_S5_R1_001.fastq.gz,2186916.0
CLM_clones_1N,P1-B1-TAAGGCGA-AGAGGATA_S13_R1_001.fastq.gz,1665596.0
GlyEtOH_2N_20170616,Gly-E12-ATCTCAGG-TACTCCTT_S60_R1_001.fastq.gz,1136334.0
GlyEtOH_2N_20170616,Gly-E4-TCCTGAGC-TACTCCTT_S52_R1_001.fastq.gz,1330273.0
Dip_clone_Env,dBFA2_WGS_10D_1_A2_S40_R1_001.fastq.gz,2562364.0
CLM_clones_1N,P2-B6-ATGCGCAG-AGCTAGAA_S114_R1_001.fastq.gz,1375660.0
CLM_clones_1N,P2-F3-GCGTAGTA-ATAGCCTT_S159_R1_001.fastq.gz,1404833.0
FLC_2N_Plate1,FLC-B3_S15_R1_001.fastq.gz,4942638.0
CLM_clones_1N,P2-F12-TCGACGTC-ATAGCCTT_S168_R1_001.fastq.gz,868924.0
Dip_clone_Env,dBFA2_WGS_10C_4_D6_S45_R1_001.fastq.gz,2498206.0
CLM_clones_1N,P1-G6-TAGGCATG-ATTAGACG_S78_R1_001.fastq.gz,2204688.0
CLM_clones_1N,P2-C5-TACGCTGC-ACTCTAGG_S125_R1_001.fastq.gz,1339689.0
FLC_2N_Plate1,FLC-B7_S19_R1_001.fastq.gz,3607544.0
CLM_clones_1N,P2-B9-CCTAAGAC-AGCTAGAA_S117_R1_001.fastq.gz,1466247.0
FLC_2N_Plate3,FLC-P3-B8-CGAGGCTG-AGAGGATA_S8_R1_001.fastq.gz,4945586.0
GlyEtOH_2N_20170616,Gly-A2-CGTACTAG-ATAGAGAG_S2_R1_001.fastq.gz,2671189.0
GlyEtOH_2N_20170616,Gly-F2-CGTACTAG-AGGCTTAG_S62_R1_001.fastq.gz,2564927.0
FLC_2N_Plate1,FLC-E5_S53_R1_001.fastq.gz,4035209.0
GlyEtOH_2N_20170616,Gly-D1-TAAGGCGA-TATGCAGT_S37_R1_001.fastq.gz,2959396.0
FLC_2N_Plate3,FLC-P3-E2-CGTACTAG-TACTCCTT_S26_R1_001.fastq.gz,6084301.0
GlyEtOH_2N_20170616,Gly-C7-CTCTCTAC-CTCCTTAC_S31_R1_001.fastq.gz,3342366.0
FLC_2N_Plate3,FLC-P3-B11-GCTCATGA-AGAGGATA_S11_R1_001.fastq.gz,8413898.0
GlyEtOH_2N_20170616,Gly-G7-CTCTCTAC-ATTAGACG_S79_R1_001.fastq.gz,6359382.0
Dip_clone_Env,dBFA2_WGS_11D_1_D1_S20_R1_001.fastq.gz,1954235.0
GlyEtOH_2N_20170616,Gly-D6-TAGGCATG-TATGCAGT_S42_R1_001.fastq.gz,3401334.0
FLC_2N_Plate3,FLC-P3-C1-TAAGGCGA-CTCCTTAC_S13_R1_001.fastq.gz,3749485.0
FLC_2N_Plate3,FLC-P3-F1-TAAGGCGA-AGGCTTAG_S31_R1_001.fastq.gz,9171058.0
FLC_2N_Plate3,FLC-P3-C9-AAGAGGCA-CTCCTTAC_S15_R1_001.fastq.gz,7809832.0
GlyEtOH_2N_20170616,Gly-G3-AGGCAGAA-ATTAGACG_S75_R1_001.fastq.gz,3996890.0
GlyEtOH_2N_20170616,Gly-A3-AGGCAGAA-ATAGAGAG_S3_R1_001.fastq.gz,5000876.0
Dip_clone_Env,dBFA2_WGS_10C_4_G1_S16_R1_001.fastq.gz,2179600.0
FLC_2N_Plate3,FLC-P3-G10-GTAGAGGA-ATTAGACG_S40_R1_001.fastq.gz,6258442.0
Dip_clone_Env,dBFA2_WGS_4C_1_C11_S50_R1_001.fastq.gz,2238892.0
GlyEtOH_2N_20170616,Gly-A5-GGACTCCT-ATAGAGAG_S5_R1_001.fastq.gz,4814602.0
FLC_2N_Plate3,FLC-P3-B5-GGACTCCT-AGAGGATA_S11_R1_001.fastq.gz,6400038.0
FLC_2N_Plate3,FLC-P3-E4-TCCTGAGC-TACTCCTT_S28_R1_001.fastq.gz,2826301.0
FLC_2N_Plate3,FLC-P3-F4-TCCTGAGC-AGGCTTAG_S34_R1_001.fastq.gz,8280626.0
GlyEtOH_2N_20170616,Gly-A12-ATCTCAGG-ATAGAGAG_S12_R1_001.fastq.gz,4935878.0
Dip_clone_Env,dBFA2_WGS_11C_4_F8_S49_R1_001.fastq.gz,1859522.0
FLC_2N_Plate3,FLC-P3-F3-AGGCAGAA-AGGCTTAG_S33_R1_001.fastq.gz,12772671.0
FLC_2N_Plate3,FLC-P3-E11-GCTCATGA-TACTCCTT_S29_R1_001.fastq.gz,8494775.0
FLC_2N_Plate3,FLC-P3-A2-CGTACTAG-ATAGAGAG_S2_R1_001.fastq.gz,2805395.0
FLC_2N_Plate3,FLC-P3-A6-TAGGCATG-ATAGAGAG_S6_R1_001.fastq.gz,2109602.0
GlyEtOH_2N_20170616,Gly-F6-TAGGCATG-AGGCTTAG_S66_R1_001.fastq.gz,5126630.0
GlyEtOH_2N_20170616,Gly-B9-AAGAGGCA-AGAGGATA_S21_R1_001.fastq.gz,5971407.0
Dip_clone_Env,dBFA2_WGS_10C_4_F2_S6_R1_001.fastq.gz,2304720.0
FLC_2N_Plate3,FLC-P3-E5-GGACTCCT-TACTCCTT_S29_R1_001.fastq.gz,8396348.0
Dip_clone_Env,dBFA2_WGS_11C_4_A3_S8_R1_001.fastq.gz,2331770.0
Dip_clone_Env,dBFA2_WGS_11C_4_D8_S75_R1_001.fastq.gz,3760185.0
FLC_2N_Plate3,FLC-P3-B9-AAGAGGCA-AGAGGATA_S9_R1_001.fastq.gz,8069118.0
GlyEtOH_2N_20170616,Gly-B4-TCCTGAGC-AGAGGATA_S16_R1_001.fastq.gz,4495742.0
Dip_clone_Env,dBFA2_WGS_6C_1_B2_S33_R1_001.fastq.gz,2177262.0
Dip_clone_Env,dBFA2_WGS_6C_1_E3_S61_R1_001.fastq.gz,964619.0
Dip_clone_Env,dBFA2_WGS_10C_4_H1_S46_R1_001.fastq.gz,2526728.0
FLC_2N_Plate3,FLC-P3-A11-GCTCATGA-ATAGAGAG_S5_R1_001.fastq.gz,1069154.0
FLC_2N_Plate3,FLC-P3-G4-TCCTGAGC-ATTAGACG_S40_R1_001.fastq.gz,8444137.0
FLC_2N_Plate3,FLC-P3-C11-GCTCATGA-CTCCTTAC_S17_R1_001.fastq.gz,4178312.0
FLC_2N_Plate3,FLC-P3-C12-ATCTCAGG-CTCCTTAC_S18_R1_001.fastq.gz,6932810.0
CLM_clones_1N,P1-G12-ATCTCAGG-ATTAGACG_S84_R1_001.fastq.gz,2476225.0
GlyEtOH_2N_20170616,Gly-H1-TAAGGCGA-CGGAGAGA_S85_R1_001.fastq.gz,5537534.0
GlyEtOH_2N_20170616,Gly-B3-AGGCAGAA-AGAGGATA_S15_R1_001.fastq.gz,6413031.0
GlyEtOH_2N_20170616,Gly-D4-TCCTGAGC-TATGCAGT_S40_R1_001.fastq.gz,3482183.0
GlyEtOH_2N_20170616,Gly-D9-AAGAGGCA-TATGCAGT_S45_R1_001.fastq.gz,4628356.0
FLC_2N_Plate3,FLC-P3-G11-GCTCATGA-ATTAGACG_S41_R1_001.fastq.gz,6099859.0
FLC_2N_Plate3,FLC-P3-A7-CTCTCTAC-CTCTCTAT_S1_R1_001.fastq.gz,7.0
Dip_clone_Env,dBFA2_WGS_11C_4_G6_S58_R1_001.fastq.gz,2256799.0
FLC_2N_Plate3,FLC-P3-B1-TAAGGCGA-AGAGGATA_S7_R1_001.fastq.gz,3750584.0
Dip_clone_Env,dBFA2_WGS_10D_1_F3_S65_R1_001.fastq.gz,1407662.0
FLC_2N_Plate3,FLC-P3-E7-CTCTCTAC-TACTCCTT_S25_R1_001.fastq.gz,4524279.0
Dip_clone_Env,dBFA2_WGS_11C_4_E9_S39_R1_001.fastq.gz,1855838.0
Dip_clone_Env,dBFA2_WGS_10D_1_D4_S17_R1_001.fastq.gz,2349315.0
Dip_clone_Env,dBFA2_WGS_11C_4_C4_S57_R1_001.fastq.gz,2470815.0
Dip_clone_Env,dBFA2_WGS_4C_1_A5_S1_R1_001.fastq.gz,2016351.0
FLC_2N_Plate3,FLC-P3-E3-AGGCAGAA-TACTCCTT_S27_R1_001.fastq.gz,11685392.0
Dip_clone_Env,dBFA2_WGS_4C_1_G7_S32_R1_001.fastq.gz,3751549.0
FLC_2N_Plate3,FLC-P3-A9-AAGAGGCA-ATAGAGAG_S3_R1_001.fastq.gz,7019667.0
FLC_2N_Plate3,FLC-P3-F5-GGACTCCT-AGGCTTAG_S35_R1_001.fastq.gz,7291493.0
Dip_clone_Env,dBFA2_WGS_11C_4_A4_S18_R1_001.fastq.gz,2857839.0
FLC_2N_Plate3,FLC-P3-C7-CTCTCTAC-CTCCTTAC_S13_R1_001.fastq.gz,7629993.0
Dip_clone_Env,dBFA2_WGS_6C_1_A4_S23_R1_001.fastq.gz,2070971.0
FLC_2N_Plate3,FLC-P3-G6-TAGGCATG-ATTAGACG_S42_R1_001.fastq.gz,8682040.0
FLC_2N_Plate3,FLC-P3-E9-AAGAGGCA-TACTCCTT_S27_R1_001.fastq.gz,11383952.0
FLC_2N_Plate3,FLC-P3-A4-TCCTGAGC-ATAGAGAG_S4_R1_001.fastq.gz,2623139.0
FLC_2N_Plate3,FLC-P3-B7-CTCTCTAC-AGAGGATA_S7_R1_001.fastq.gz,8979327.0
FLC_2N_Plate3,FLC-P3-F7-CTCTCTAC-AGGCTTAG_S31_R1_001.fastq.gz,7292688.0
FLC_2N_Plate3,FLC-P3-D10-GTAGAGGA-TATGCAGT_S22_R1_001.fastq.gz,1900357.0
FLC_2N_Plate3,FLC-P3-G1-TAAGGCGA-ATTAGACG_S37_R1_001.fastq.gz,9810184.0
Dip_clone_Env,dBFA2_WGS_4C_1_B11_S21_R1_001.fastq.gz,2342663.0
FLC_2N_Plate3,FLC-P3-D11-GCTCATGA-TATGCAGT_S23_R1_001.fastq.gz,8751865.0
FLC_2N_Plate3,FLC-P3-D8-CGAGGCTG-TATGCAGT_S20_R1_001.fastq.gz,3518779.0
FLC_2N_Plate3,FLC-P3-G5-GGACTCCT-ATTAGACG_S41_R1_001.fastq.gz,8585954.0
FLC_2N_Plate3,FLC-P3-F9-AAGAGGCA-AGGCTTAG_S33_R1_001.fastq.gz,10986292.0
FLC_2N_Plate3,FLC-P3-F10-GTAGAGGA-AGGCTTAG_S34_R1_001.fastq.gz,2898420.0
FLC_2N_Plate3,FLC-P3-E6-TAGGCATG-TACTCCTT_S30_R1_001.fastq.gz,9524729.0
FLC_2N_Plate3,FLC-P3-E8-CGAGGCTG-TACTCCTT_S26_R1_001.fastq.gz,5339911.0
FLC_2N_Plate3,FLC-P3-F6-TAGGCATG-AGGCTTAG_S36_R1_001.fastq.gz,9316009.0
FLC_2N_Plate3,FLC-P3-D3-AGGCAGAA-TATGCAGT_S21_R1_001.fastq.gz,8806945.0
FLC_2N_Plate3,FLC-P3-G9-AAGAGGCA-ATTAGACG_S39_R1_001.fastq.gz,9579230.0
FLC_2N_Plate3,FLC-P3-D5-GGACTCCT-TATGCAGT_S23_R1_001.fastq.gz,9443.0
GlyEtOH_1N,GE_1_G10_all.R1.fastq.gz,1291553.0
GlyEtOH_1N,GE_1_C12_AGGCAGAA-TCGGTTAA.R1.fastq.gz,572043.0
GlyEtOH_1N,GE_1_F12_TAGGCATG-TCGGTTAA.R1.fastq.gz,583945.0
GlyEtOH_1N,GE_1_H12_CAGAGAGG-TCGGTTAA.R1.fastq.gz,587702.0
GlyEtOH_1N,GE_1_B10_all.R1.fastq.gz,1576941.0
GlyEtOH_1N,GE_1_C09_AGGCAGAA-CAATCACA.R1.fastq.gz,573429.0
GlyEtOH_1N,GE_1_E10_all.R1.fastq.gz,2033534.0
GlyEtOH_1N,GE_1_H06_CAGAGAGG-GCATCGTT.R1.fastq.gz,577955.0
GlyEtOH_1N,GE_1_C10_all.R1.fastq.gz,1841661.0
GlyEtOH_1N,GE_1_F02_TAGGCATG-CGTACCGG.R1.fastq.gz,657731.0
GlyEtOH_1N,GE_1_D10_all.R1.fastq.gz,2056410.0
GlyEtOH_1N,GE_1_F10_all.R1.fastq.gz,1501489.0
GlyEtOH_1N,GE_1_H10_all.R1.fastq.gz,1820494.0
GlyEtOH_1N,GE_1_A10_all.R1.fastq.gz,1606001.0
GlyEtOH_1N,GE_1_A08_TAAGGCGA-TGAAACTG.R1.fastq.gz,586969.0
GlyEtOH_1N,GE_1_G11_CTCTCTAC-ATCGCGCC.R1.fastq.gz,783688.0
GlyEtOH_1N,GE_1_F03_TAGGCATG-GATGACGG.R1.fastq.gz,567177.0
Dip_clone_Env,dBFA2_WGS_11C_4_B4_S48_R1_001.fastq.gz,2610313.0
Dip_clone_Env,dBFA2_WGS_4C_1_E3_S2_R1_001.fastq.gz,1576656.0
Dip_clone_Env,dBFA2_WGS_11C_4_H8_S76_R1_001.fastq.gz,2341846.0
Dip_clone_Env,dBFA2_WGS_10D_1_A5_S55_R1_001.fastq.gz,112083.0
