BC,Type,Reads
GGTTAAATCTTAAATCATTTTCTCGT,DBC,1
CCCCCCCCATAAGTATGATTATAATT,unknown,42
GCAGTACCAATTATTTTCGCAGTACAA,unknown,29
AGCACCTGATTCTACTAAAGTTGATG,unknown,26
TCTACCTAACGCTTTATAATTATTA,unknown,16
GGCTCCCGTGGCCGGGCCCCGGAACT,unknown,14
TGGTATATAAAATCTATTATTAATG,unknown,14
TTGCGTACTAATAATGAGATTTAATTTG,unknown,12
CAAATTTAATTTAAATAAAGTGAG,unknown,11
AATGGTAATGGTGTACCAGCAGGTACGA,unknown,10
ATAATTAAGAAATAAGCGAAGTAG,unknown,9
CCTCACTCCTTCTGATAATTAATTTT,unknown,8
GGGGTCGAAATGACCTTGACCTATTCTC,unknown,8
GCCCCACGGGGCGGGCCGGACTATT,unknown,6
CCGAAAGGAGAAATATTAATATATT,unknown,5
AATATCCAGTACGGGTGGTACCAATAAT,unknown,5
ACATTAGAAACATTAGATGGTATAAAT,unknown,5
AATATCCAGTACGGGTGGTACCAACAAC,unknown,5
CAAGATGCAGATTTCCATGGTTTT,unknown,5
GGTGGGGTTCACACCTTTATAAATA,unknown,4
TCTACATGGCATGCTCCAATTTGTCCTA,unknown,4
AAGGACTGAATCTAGTTCGGCAAA,unknown,4
TCTTCTGATGGTGTATCAGTATGTGG,unknown,3
TACTGGGTACCCACATGATCACAGGA,unknown,3
CTTATAATGGGTGGAATATTTACCG,unknown,3
ATTACGAAACAAAATGTTAACGCCTTTG,unknown,3
ACTCCTATCGGCTTTCAGATAATC,unknown,3
TGCGGAAGGATCATTAAAGAAATTTA,unknown,3
GAGTTACGTATTAGGGCCCTGGCTA,unknown,3
GATTAAAGCCAAGGAAGAGGCAGATA,unknown,3
AATTCCACCAACTCAATTAACGATTCAA,unknown,3
TGACCTGTTTTTTAAAAATGTTGG,unknown,3
GTTACGAATATTTCGACAGTTAGAGAAA,unknown,3
ATGTGGCATAAAACTCTTTCGTAT,unknown,3
ATTGCGGATGTTAAGACTGGATTTA,unknown,3
CTGCCCTCATATCACCTGCGTTTCCGTT,unknown,3
ATTAGCTACTAGGTCTCATAATACCA,unknown,3
GTCAACCTAGGACACATCAGCAAG,unknown,3
GGACTATTATTACTATTTATTTATTA,unknown,3
TGTAATTTAAAAAATAAAATAATTGGGA,unknown,2
TTTGGGAGTCAAACTTTTACGTTCAC,unknown,2
AATATCCCATATATGAACCATAAAA,unknown,2
TCAATCGAGATATAATTCGAAGAGCAGT,unknown,2
AGCCAGTAAGGAAAATACGAAGCTATTC,unknown,2
GGCTTGGGAGACGGTGAAGGTGCTCAAA,unknown,2
CATATCTCATGTAGTCCTTTGAACTC,unknown,2
TTCACATTTCAAGCTAATTCCAAA,unknown,2
AGGATCTTCACTGCCCATTGGTTC,unknown,2
ATTTTAAGAAAGTGGTTTTAAGGAAG,unknown,2
AAAGTGGCATGCTACACCATATAATTC,unknown,2
CTGCCTTCATGTTTTTACGTTTTT,unknown,2
CTTTCTCTTTTTTACCTCAACAGAGG,unknown,2
AGTGTTATCACTAAGTATATCTTTTAGT,unknown,2
CAACGAGGCATATTCTGAATTGGAAAAG,unknown,2
ATTGTTGAACTCGTGAGTTTTGTCGAGA,unknown,2
AATGGTCCCGAGTATTATATTGAAG,unknown,2
AATGGCGCGTGGGTGGGGAGCGCCTC,unknown,2
AGAGATAGCATAAAAGATATTCTCGGTT,unknown,2
AGCTGATCCATATCACATTTACGCGA,unknown,2
TTCAGGCCGGTAAGATTGGTATCC,unknown,2
CCGAACTTTAGTAAAATCAAATTTCGTA,unknown,2
TATACGGTTTATCGGGCATGGTGTTCTC,unknown,2
TTATAACGAAGGCATGATTAAAGAACCC,unknown,2
ACTGTGTTTTCACCATTATCGAGAA,unknown,2
AGGCTGTGAAACGAGTAGGTAGTCAAC,unknown,2
GAAGCAGCTCCCTTAGGGACCGCA,unknown,2
ATAATTACAACTTTTCGAATTGGTT,unknown,2
TCACTCCTTCGGAGCGTACTATTATT,unknown,2
AATGCCACCAGTAACAATAATAATAATA,unknown,2
AGCCCTATAGTTGTCTTTCATTTTTTAG,unknown,2
CACTCTGTGATGGTGGAGCACATTAATT,unknown,2
AGATGTCTATTAATATTTGTAGAG,unknown,2
TCCTCATCATCGGCAAACTCTTCATC,unknown,2
ACATAAAGCGTAAAATTCACTTTGCTT,unknown,2
ATTTCATGGTATGTAAGCCTTGTATC,unknown,2
ATTTACTAATGTATGTAAGTTACTA,unknown,2
TAGTAAGTATTAGCGTCTAAGTTAGG,unknown,2
TGAGGGGGTAGAAAAAACTCAAATA,unknown,2
TTATAGTGTACTCCTTGGGAAGGTTG,unknown,2
ATTTGATTAGATCAAGACATAATGGCAG,unknown,2
TATATGAGGAATATGAGTCGTCAC,unknown,2
ACAATATTTGATAAGTCCATCATCCTTG,unknown,2
ATGTATAAGAACTATATACTTCCAAT,unknown,2
CGTATCAAAGAGTATAACCCTATCA,unknown,2
AGCTGAATGATGAAAATACCCGTATTCA,unknown,2
AATAATGTTTAGATAATTTTTCAGTA,unknown,2
TAAATTGTGAAATCAACTCCATTTAAA,unknown,2
ATGTCAAGAACACTAGTATTCATC,unknown,2
AATGGCAAAAGCTCCCTTCACTGGATCC,unknown,2
TCCTCGCTAATTTCACACTAGGATG,unknown,2
ATTTGTAATGTATCCGTCATATCT,unknown,2
ATTCCAACGGTTCCATCGTTAACCAAC,unknown,2
CTCTTCCAAACTGTTTTTCGTCAACTCA,unknown,2
AACATCAATTACCACGGTTTTCTT,unknown,2
AGGCGTGAATGCTATATAAATATA,unknown,2
ATAGACACTTCCTTAGAATCTGAAGGT,unknown,2
ACCTACAGAATGACTACTCTGATGCG,unknown,2
AATATTAACAATATTTGATGAATAAT,unknown,2
ATACATTATGCGATTTAAAGTTCTTA,unknown,2
AAGGCATGGCTGGGTCATTGGTGA,unknown,2
ATGACTAGGAAAGGGCCGATGTCTTTCT,unknown,2
TATTAAGGAACGTTTGTGTTTGAAAA,unknown,2
GAAATGGGTGGTACCATTGAATCAG,unknown,2
GCACGGCAGGGTATTATCGAATAAATA,unknown,2
GAAATGGGTGGTACCGTTGAATCAG,unknown,2
ATACTGGCACACAAACAATTGAAAA,unknown,2
AGAAATAGAACTAACTTGGAAGCTAC,unknown,2
AAAGATATACCATCTACACAGACTCC,unknown,2
TCTGTATAAGCGGAGTCTAATTTCG,unknown,2
CTAAGCAGTAGTATCAGGATAGCTGGAG,unknown,2
ATGACCTTATCCTTGTTAAGTCGG,unknown,2
GATGACGGTAGTGCTAGTGGAAGCGGCG,unknown,2
TACAAAGGTACCAAAAAAAACTAG,unknown,2
GACGAAACCGAATCTCCCGCTTCTGG,unknown,2
TTCAAAAGCTTGTGCATCCTGAGGA,unknown,2
ATCATTATAAGCTGCAACTCGTGG,unknown,2
ATCATCGATCGATTTTAGTATCCAATCG,unknown,2
TCGTCCAGTATGATTGTTAAGATT,unknown,2
GCTGGTGATATCAACATATGCGGAGC,unknown,2
TGTTTGGTGGAACCTGATTAGAGG,unknown,2
TCAGGATGATGTTATTGAAGAGCTAA,unknown,2
GAAGGTTTTCGCGGTTTTTATAAACA,unknown,2
TGATTACTGATGTGGTGCGCCTTGCGAT,unknown,2
TATTCAATATAAAATTTGATAAATAA,unknown,2
GCCCCGCGGGGGCGGGCCGGACTAAAAT,unknown,2
GTTATCCTTCTTTAAAACTATAGAACC,unknown,2
ACAGACAGGGTTGATTGCCAATTC,unknown,2
TATGTCTTGAATTTTGCCACTCAGCAAT,unknown,2
TAATATTATATTAACGCTGCTTCT,unknown,2
CCAGCAAATTAAGGCATGCTTAGGT,unknown,2
TTCCATGCTCTTTGCCGAACTGCAG,unknown,2
CATAATGTCCACGACTATTTGCTCAA,unknown,2
AAGATATTTTAGACCGAAAGAGAATTT,unknown,1
AAAATTCGGACAGTTACAGTTTAG,unknown,1
TATTTGGTGGTCATTAACGCAAAAG,unknown,1
ACCGTCAATGATATGTTGTAACAAC,unknown,1
AAACCTTAGTAGGTTAGCTTTCTAT,unknown,1
AAAATTGTTACAGTAACCTAAGAAA,unknown,1
GCTCAAGATTACTTTTTTAATTTTC,unknown,1
AACTGTTCTAACATCAGCAACCATA,unknown,1
GGTAGTTTCAGTGACTATCACTTTATCT,unknown,1
GTTGTAGCTATACCCATCCTCTTCCC,unknown,1
ACCTCTGGCCTTGCAATTTTTTTC,unknown,1
GCAGTACCAATTATTTTCGCAGGACAA,unknown,1
GCGAATGCTGTCACAAATATTAGTC,unknown,1
GTTGTTACTCAATCGGTCTAGTATT,unknown,1
GGCTCCCGTGGCCTTTCCCCGGAACT,unknown,1
GATCCGGCTGCAAATTCCCCAAGGCCA,unknown,1
GCTAAATCTGCTGTAATGAAGCAATTGG,unknown,1
ATTGGTTCGGATACCACTTCCGTCCCTG,unknown,1
AATGGTCAAACTAACAAGTATCCAT,unknown,1
ATGTTGATTTTAACGTAGACGACGA,unknown,1
TACTAAGAATAAGGGCATAAATGTAC,unknown,1
AAATCCCTTTATAAAGCATTGACCGTGG,unknown,1
ATCCATTTGTCTTTTGCACCATATGTTC,unknown,1
AATGGAAGTGGTGTCGCTACATTAGTTT,unknown,1
CATTGATCAAACGAGTTTTATTTATC,unknown,1
GAATTGGAAAACAGAGGCATTAAC,unknown,1
ATCGTCTAAGATAGAAGAAGGCATATT,unknown,1
CCTCCCTTATATTATAATTATAATT,unknown,1
GACCCTCTATGATGGCGCCATTACGGG,unknown,1
GTGTTACTGTTATTGTTATCATTGTT,unknown,1
GTAGCATTCAAAATAATATGTAGTTCC,unknown,1
CCTCCCTTATATTAAAATTAAAATT,unknown,1
GGAGGAGATTAAGTGGTCTTTAAAAAA,unknown,1
AGTGGCTTTAATAGCTAACTTGAC,unknown,1
AGCCGTCACATTATTGTTGTTACTGTT,unknown,1
GAACCCCGCAGGAGATATTTATTTTA,unknown,1
TGCCAAGGAAACCCATATTTCCAC,unknown,1
ACGATTTATTGGTGTAAAAGTGTTG,unknown,1
CTGCCCTCATATCACCTGCGGTTCCGTT,unknown,1
AACAAATCTGTTACTTATGTTAACA,unknown,1
ACATTTAATAGTAAATATAAATTA,unknown,1
CATTACTTCATACTGAAAGTTTCAAAAA,unknown,1
GGTATCATTCACCAAATTGTTCTGGA,unknown,1
ATGCGGATGCGAAGGGGAAGGACTCA,unknown,1
AAGGTGCAAAATTTTGACAAGAAAAATG,unknown,1
GTTTCTCCTACGGCCAAGACTTGG,unknown,1
AGTTGTTGGAGTGCTAGTAAGTGTCCAT,unknown,1
TTTCTACCAATATTATATGCGCTGACA,unknown,1
ATTGGACTAGAAATCGCATGCATATTCA,unknown,1
ATGTGATCTTACGTTGATATGAAA,unknown,1
AAAAAGAGCCCTCCATCCAATGGTTTCT,unknown,1
AGAAACGGTATATAAATAAAAAAAAA,unknown,1
GGGGTCGAAAAGACCTTGACCTATTCTC,unknown,1
ATGTACTCATCTTCTTCATAGGCATTA,unknown,1
TGTCGTTCAAATGTTGTGGTAGCTGA,unknown,1
GTTAAACCACCAAATGCTCCTGCCGAAC,unknown,1
AAAAGTAAGAAAAGATCATTAGAAG,unknown,1
TACTTTATTAAAATCCATCTCTTCAA,unknown,1
AAACTAGGATTTGACGCCCTTACGAAT,unknown,1
TGGCCAATGACAATAAGCGAAACACCTC,unknown,1
CGAAGTAAACGATCTGGAATTATC,unknown,1
TTCCTTAAGCAATATAAGTAGTTATTCG,unknown,1
ATTATTATTATATAGTTTTGTTAGTTT,unknown,1
ACATGCGTTGAGGCTCTCCATCTCATT,unknown,1
TTGCGTTGCGTTATGTCATCAACCCCAT,unknown,1
TTATTTTTAATATTGTCTCCATTTAT,unknown,1
AAGCCTAAGAGGTTAAAGAAAATA,unknown,1
ATAATGTTCAAACAATGCTTTCGCACTA,unknown,1
CCCCCCCCATAACTATGATTATAATT,unknown,1
ATCCAATCAAACCTCTACCTTCATCGTC,unknown,1
CTCTGTGACAGAGAGTACGGGAACA,unknown,1
CCAGTCTATGACTAGACCGTTCTCG,unknown,1
ACACCTGTCCTGCTTCTTTAACGGA,unknown,1
TGTGATTACAGCTGTGATAGGGTTAG,unknown,1
AACTATATGTTAACTCTGATAGAAAG,unknown,1
AGCACAATCCTTCATTTTAGTGCA,unknown,1
ATTTGTATAACCAAGACACTGGCCTG,unknown,1
ATTTGAAGGAAAGAATCGTTCTCCAG,unknown,1
CAATGTTAAAATACTAAAACGAGGTG,unknown,1
TCTTTTAGCTTCTTCTTCTGCATTTG,unknown,1
CCTCACTCCTCCTGATAATTAATCTT,unknown,1
ATGACGTTTGGATAATCTTGCTTCTCAG,unknown,1
ATAGTCTACAAAAAAGTAATCACCTCC,unknown,1
AGCACCTGATTCTAGTAAAGTTGATG,unknown,1
AGGCTGACCATGGGTCGACATCTCGGGC,unknown,1
CTATCTGAAGTATTCTGGTCTAGTATC,unknown,1
TTCCTTTTCACTGATTGTTGCAGTTA,unknown,1
ATTTTTATTATCTTGTTTTATATTCT,unknown,1
GACAATCATGATAATAAGTTCCATACC,unknown,1
CCCACCCCATAAGTATGATTATAATT,unknown,1
GTGTCCACTCCTCGCACAGGGTTTTGC,unknown,1
GGATCTAGCAACAAAGAGAATGCA,unknown,1
AAAGGCTATATTTGAAGGAACGGCCA,unknown,1
AAGACGTTAGAGTTACCTAGAGGTAT,unknown,1
TGGTATAGATAAAACAATTACCTT,unknown,1
TACCGGTGTTAGGCAGGGATTTATGCC,unknown,1
AATTGGGATTCAAGGCATCATCGCAAT,unknown,1
TCCTATCAAATATAGAAGGGTTCCTTCA,unknown,1
TTGAAAGGATAAATTTCTTATTTATT,unknown,1
GTCGTGGAAAGTAATACCAAGAAAA,unknown,1
GATGCAGAATTGAAGATAGTTGGGTA,unknown,1
AAACTTGATGATAGCTGAAGCACC,unknown,1
AATAGCAATAGGTAAGAAAAACATTTGC,unknown,1
CCTACCTTATTTGAGGTCAAACTTAA,unknown,1
ATCACATGCAACCATTTCTCCAAACG,unknown,1
AAATTGTTGTAAATTTTCAAGAATTCCA,unknown,1
CCTTTTTATATGTTTCTGTCATCA,unknown,1
TATTCTTCCGACGCTGTTAGCCAACT,unknown,1
CCCCACCATAAGTATGATTATAATT,unknown,1
GTAAGGATCCAAGTCGATGACGTG,unknown,1
TGGTCATAACTATCCATTTTGAAC,unknown,1
TTTATACATTAATAGATCTCCAAG,unknown,1
TGTAGCATTCAAAATAATATGTAGTTCC,unknown,1
ACAGCCATTTCTTAGTAGTGGAGAGA,unknown,1
ATAAGTAAAATGAAAGAAACCTTAATAC,unknown,1
GTGAGTTCTGGTGACTTTGCCCCACA,unknown,1
AAGCTTACGCCGTCTGAGTTCATAT,unknown,1
AATTAGATCGGTCTTATAAATTTTGGT,unknown,1
GGATGCCCACTTAGCCTTATATTCTTC,unknown,1
ATAAAGGAATTTTAAAATTCGGTTCTAC,unknown,1
TTCCATGCTCTTTGCCGCACTGCAG,unknown,1
AGGCGGTGATTTTCGTACATTATTA,unknown,1
GGCTCCCGTGGCCGGGCCCCGTAACT,unknown,1
AGCCTGAATATCATCAATAAACGAACTT,unknown,1
TAGAAGTGGCCTTATGTAGCTAATT,unknown,1
AAAGTCAGGAAAACTATGAAAGAA,unknown,1
GCAGTATGGGATCATCAGGCAAATT,unknown,1
AACATATCAGATTTGGACCCAAACTCGA,unknown,1
GACGCAGCAGTAACTGCATGAAAAG,unknown,1
CATAGATGAAGAGGTTCAAAGACTCT,unknown,1
AAGACACAGTGTGGGGGGCTTGGTAGT,unknown,1
AAGTGTTTAAAAACATCAGTTCGAT,unknown,1
TGCTGCGGGTGCCAGATTTCTTGATA,unknown,1
TCTCTTACATCTCTTTCATTTTGAGG,unknown,1
GGAACCAGCCAGCAACACATACTGCC,unknown,1
TTATCACTTTTACTTTTGAAAAGG,unknown,1
AATATAATTTATAATCACGCCTGGGTAA,unknown,1
GATGATCTTGGCCTGCCTGTACTG,unknown,1
AGTATATTCAACAAGTTTCAGTCCGG,unknown,1
GTCTGAGATTAATTCTGCCAACGATTT,unknown,1
AAGAAGACTGATTTGTTTGCATCTTT,unknown,1
TATTTCCACCACTGAATCGAAGCAAC,unknown,1
CTTCTAAGTATTTGCCGTCGGTAACAGC,unknown,1
TAGATAGTCCTTACCCGAAAATAA,unknown,1
ACGAAAGGATAAATATTAATATATT,unknown,1
AACGAAATCTTGATAGTCAGAGGAAGAG,unknown,1
TACTGTACCGACAAAAAACCAGCTGCC,unknown,1
TGACTTGTCGGACAATAATACATAGA,unknown,1
AGCGCCTGATTCTACTAAAGTTGATG,unknown,1
ACTATATATGTTTGAGACCCCCGGGA,unknown,1
TAAAGTATTTTCACCAGCATCTAGC,unknown,1
TTCCCTCAATGAACCCATGTCATAGC,unknown,1
GGATCATCATTTATACTGAAACACC,unknown,1
CAGCGTGCTAGCCGCCCGGCAGAGGCCA,unknown,1
AATCCAAGCAGATCGATATATACATAT,unknown,1
TACGAGGGACACTGCTTTTAAATCGCTG,unknown,1
GAGTTACGTATTAGGGCCCAGGCTA,unknown,1
TATGCGTTTTCCCCCGAATGTTTCAGTG,unknown,1
TATATATATCAACAAGTGCTTTTATC,unknown,1
AATTGTAGTAAGAAAAACGCAGAA,unknown,1
TACACATATCATTCAACGAACAAGG,unknown,1
TAGTAATATCGATAACGTCAAAACTTTA,unknown,1
TGATGCAATCTAGTAGTCCATAGA,unknown,1
GCAGTACCAATTATTTTCGCAGAACAA,unknown,1
ATCGGTAAAACTGCTCTTGGTAGACTGG,unknown,1
GCCTATTTGAAGCCAGTTTTGAACTCC,unknown,1
AGCGATTTCTAACCAAATGTGACTGGT,unknown,1
TACAGATACAGCATTTCCAAGAATTA,unknown,1
TGTAAGAAAACGGTGGAAATTACAAGAC,unknown,1
GGCTCCCGTGGCCGGTCCCCGGAACT,unknown,1
GAGGTAGAATCAGGGGAAATTTTGGCT,unknown,1
CCCCCCCCATAAGTATGATTCTATTT,unknown,1
AGGGTTAACTGTCTATCCACCATT,unknown,1
AATCAATCCATACATATATGATGTCACC,unknown,1
TCCCGCTAACCCTCCACGCATCTA,unknown,1
AAGTCCCTTGATTTGCCTGCAATGGG,unknown,1
CAAATTTAATTTAAATAAAGTGAT,unknown,1
GTACTCGTCAGTGAACGAAAGCCC,unknown,1
TTGCCGTCGTTGAACTCATTTTTG,unknown,1
AGCTGGCAGTATTCCCACAGGCTATA,unknown,1
TCAACCTAACGCTTTATAATTATTA,unknown,1
ATTGTATGTTGCCCGAAGAATGATTCGA,unknown,1
TCCATCTCCATTTCGATATTAAAAGCG,unknown,1
TGTACTACCATTTAAGGAGTCAAACA,unknown,1
TGATCACGTAATTTGTGGTGGTAT,unknown,1
TGTATAGGCGTATTTCCACTAGATC,unknown,1
GCCCCGCCAAAGATGCAATTACACAC,unknown,1
TTAAAGAATTCTGGTGTTAAATCT,unknown,1
GAGAGAATTCCCTCTATATCATAAGGT,unknown,1
TAAGTTTTACAAACTTTCAAACGGCTTC,unknown,1
TAAATCATAAAATGATAATCTCGCA,unknown,1
GTAGCGCTTGAACATATCAGTTCG,unknown,1
CTATTAGGACTTGTCTGTCACACGCA,unknown,1
GAATCTTCATCTATATTCACATTGAGTC,unknown,1
ATTAAAGACATGCTAAGAGATAGTG,unknown,1
CTTTTCACGGAAAATGAAGATAATGTCG,unknown,1
AATGGTGCGTGGGACTACTGCCAGATGC,unknown,1
ACTCGGTCCGGACAGTAGGATCTCCAAT,unknown,1
AGCGTGAATAAGAAAAATTTGCCGCCA,unknown,1
TATGAGTATAACTCGTATTACCACT,unknown,1
TCTTCAAAAGTCACGGATAGATCAT,unknown,1
GTAATTAGTACAGAAGCCCAAAAAG,unknown,1
ATGCAGCAGATTTGAGCAACACAGCA,unknown,1
GGAATAAGGTCAATAAATTGAATGCA,unknown,1
TTCCCAACATTCAGTAATAACGCCA,unknown,1
ACGCCTCGGGTTTCGCATCCCGAAAAGC,unknown,1
TATTCAGTGCTCAATAAAAATTAAA,unknown,1
TTCTCGGGCCCTCTTCAAAGGTTTGGAG,unknown,1
TAAGTCAATGGTAATCAGAGTGGGTC,unknown,1
CGCCGGGGCGGGGACTTTTATTTATATT,unknown,1
CACTCTTATATTAAAATTGAATCAAATG,unknown,1
CTGTGAAGTTGAATGAGAGACCGCC,unknown,1
AATTAGGTATTTTTCATCTTCACCATCG,unknown,1
CCCCCCCCTTAAGTATGATTATAATT,unknown,1
AAGTGTTTTAACGTTATTAATGAAAAAG,unknown,1
AGGATGAAATATTGGTTTTATAAGA,unknown,1
GTAGAGATTCTTGCAACCTCGCTT,unknown,1
GTGTTGCAGCGGATTTTAACTCTT,unknown,1
AGAAGATTAATGTGAGGATTATAT,unknown,1
TTTTCGGTATTCTGCTTCCTTTGTCATC,unknown,1
TGAGTTAGCTGGCAGGTTCAGTTGAG,unknown,1
ATTAAGAGATATCCATATAGGGGAT,unknown,1
TTCACTCATTGTTTGCCAAGCGGTATGG,unknown,1
GACTACTTTACCTCTTCCAGCGCCCAA,unknown,1
GGTGGTGGTCCGGTATCGAAATCTT,unknown,1
TTCCATATTCTCTAATTCTTGCCCATA,unknown,1
TGATCATATAAGGAAGCTGCTTCGAG,unknown,1
TGGTTAACAAGTACTTTGGCTTGGA,unknown,1
GCAAATACGAACAGACTGTAGCTGTT,unknown,1
TGCAAGGGCCAATAACCACGATGCCA,unknown,1
ACGTTCAAAAGTGTCTTGTATCAT,unknown,1
CTTTCTCTTTTTTACCTCAACAGATG,unknown,1
AACGTACTTCCTTTGGATGGAATGCCTT,unknown,1
TTTCTTGTGGAAATTATTCGTTGACTTA,unknown,1
CCGAAGGAGTGAGGGACCCCTCCCT,unknown,1
GATGAGATGAGTGAGACGCGCATAAA,unknown,1
ATGACCTTATCCTTGTTATGGCGG,unknown,1
TTCTTCTGATGGTATATCAGTATGTGGA,unknown,1
ACGATTAAAAACATAGATATCTTAACC,unknown,1
ATAATTAAGAAATAGGCGAAGTAG,unknown,1
ACGCAGTGCCACGAGAGGAACAACTGC,unknown,1
CCGGCATTGAGGAAGGTTCTGCCA,unknown,1
CATACCACCACCAACAAAAACATT,unknown,1
TAACGGTTCATTGAGCAATTCGATTCCA,unknown,1
CGTACTAAATCATTTCCGGAATCAA,unknown,1
CCATTTTTGGAAATTCCGATTTTCAATC,unknown,1
GCAGTACCAATTATTTTCGCAGTCCAA,unknown,1
ATGGGATAATAAACCTGCTTTGAAGCAG,unknown,1
ATCAAGAAGTATGCACTGATACCG,unknown,1
ATCACTCGTAATGGGCCTATGTCTTTCT,unknown,1
AAATATTTCCGATTCGTTCGAGGT,unknown,1
ATCGATTTAACATTAAAATCATTC,unknown,1
CTTTAACTGACTAATAAATGCAACCGAT,unknown,1
AGTTCGCTCCACTTTGTTTCAATCC,unknown,1
ACCACCCGAAGGGACAAGCGGATG,unknown,1
GACAGATATCATATCTCTAGTAAAAA,unknown,1
GCACCATTAGTGGTGTCCTTCGTTTCG,unknown,1
TTCTATGTGTTTTTACTATGTAGC,unknown,1
AACTGTTAAATAGTCGTGTTCCTTTGA,unknown,1
TTTAACATACCCAGTAAAAGTCTCC,unknown,1
CATCTGGAGGGCGATATCCATAAACCT,unknown,1
TATCATGACCGAATCTGTATCACCAT,unknown,1
GTTAGGAAGAGTTTGAGGAGGTGGG,unknown,1
TAATGACTTTAGACGGATTCGCAAAATC,unknown,1
TCTACCACGGGTGCAAGCTCGATT,unknown,1
TTGGAAGACAATGTAAAACTTTTAGATG,unknown,1
TTTTTGATACTTTCTTTTTATGAGA,unknown,1
AGCTACCACTTACTCGTTTATCCTAAAA,unknown,1
ATCTGCTCAAAGAAGGATATCTATTG,unknown,1
TATTCCGCTCTCAAAGAAACCAATTG,unknown,1
AAGGTGGTGTTGTTATCTCCATTAAGGC,unknown,1
GATAATATGAGTGGTGCACAAAACC,unknown,1
GAAAATGAAGTACCTGAGAACGTTTGA,unknown,1
ACGATTTTTTGGTGAAAAAGTGTTG,unknown,1
AAGTTCAAAAGTGTCTTGTATACT,unknown,1
CAATATAATATGAGATAATATAAT,unknown,1
TATAGTTACACCATAGATCACCCAGTTT,unknown,1
CAAAAAAGATATGAAAGTAATAATAATA,unknown,1
TTGAAACATTGCTGGTTTACCAGTGA,unknown,1
ACAGAACAAAGAATCGTACTCACAAAA,unknown,1
TTCTCTGTTGTATCTCAGAATGGG,unknown,1
ACAGGTAATAATATAATACTGGTAA,unknown,1
GATTTACTAGCTGCCCCACCTGGG,unknown,1
ACAGATAAGAAGCCTAAATCTTCGG,unknown,1
CGCTGCACCTCCGTTCCACCATGG,unknown,1
CTCTTTGGTTTATATGAACGTTCCAG,unknown,1
TAATGGAGCGTCATTAAAGTTGAA,unknown,1
ATGTCTACAGTTTAGAGGAATGGGT,unknown,1
TCACATGCAGGTACCATTAATCTT,unknown,1
ATCAGGACGCACAATTTTGTTAGA,unknown,1
CAGAAGCAAGAAAATTTAAATAAA,unknown,1
TCGTTGTATATGACATCCATAGCT,unknown,1
AGAGATCAGAAAACTAAGTTATCA,unknown,1
TTGCAGTATTCAAACTAGCTAAATCG,unknown,1
ATTAAGTAGTATATTTCATCATCGTC,unknown,1
GAAGGTATTCCAATGAAGGCCGGTAGAG,unknown,1
TCTGGCTGGGTAAACTTGGACATCACCC,unknown,1
ATGTTCAATGCGAGAGCGCAAGGG,unknown,1
ATTGATGGCAATTAGTGCACAGCCATC,unknown,1
GTTGAATAATGACGAGTTTTCTTAAA,unknown,1
CACATCTGGGGCAACCACACCAACATGG,unknown,1
AAGAAAGCCAAATGACTTGTAGTACC,unknown,1
AAAAACGTTTACAAGAAACTGTATG,unknown,1
TTATAGTACCATGGTTGATTTCTAAT,unknown,1
AGCATAAGAATTATCATTTTCCGCCCGC,unknown,1
ATAAAGGAATTTTAAAATTCGGTTCCAC,unknown,1
TTCTTCAGATGGGAAGGTGATGAAAGTC,unknown,1
GCCGTACCAATTATTTTCGCAGTACAA,unknown,1
AAAGATATGTATGCAAAGTGATTCTAT,unknown,1
TGATAAACTGAGCCTCTCTTCATTCC,unknown,1
AGCACGGGGGAGATACAAAAGGCTTCT,unknown,1
GCATTATTGAAACAATACTGAAAAA,unknown,1
CTTTTTCCTATCATGCGCCTCGAA,unknown,1
ATTACTGGATTTTAAGTCTCGTATAT,unknown,1
ATTTGTTGGCAAGTATGCTAGTAGA,unknown,1
TCTTTAAGTACCACCTGGATTCTTAGAG,unknown,1
TTCTAGAAACACGAAAAGCCAACAAG,unknown,1
TACAATATACGACTCCGGTATTCG,unknown,1
GCACCAAGTGGCGTAGAAATCTACG,unknown,1
GGAATTTAATGGCACTGGAAACTGA,unknown,1
TTGTTAATTAGTTCAAGTGATTTAGAAA,unknown,1
TAGATAGATTAGTCAATGAGTCGAAA,unknown,1
TCATAGCGATCATTTAACAGAATTGT,unknown,1
TTACGGAACGAAAACAGAGGTACATTAA,unknown,1
TACAAATACTTATGCCTTTAAGCTGG,unknown,1
CACAATGGATGTCCTGGGATCCAA,unknown,1
TTGTTCAAATTATTCAACAGGGCT,unknown,1
CGTTAATAGTAATCTATTACGACAATGA,unknown,1
ATAACAATAGGCATGATGATGGCATC,unknown,1
CGGTGACAATATATTAATCTAAGCAT,unknown,1
TGACAGGCCCTTGGCCATCGACCCCGT,unknown,1
AAGGGAGATGCTGAGATGGATACTATGG,unknown,1
AGAAGCTTTACAAAGGATTCGTCGATAT,unknown,1
ACTTTAAGTTTCTAAATTGTTTTCT,unknown,1
AAACCATTGGTGAGCTAATTCATG,unknown,1
ACGCGAAGTTAAGTGTCTTGAACAA,unknown,1
AACTTTTGGAATAGCGAGGGGTTGCCA,unknown,1
ATCCTTGAATAGATAATCTGTGCTT,unknown,1
GTAGAGTATCGCGTTACCATATCGCCAA,unknown,1
AAATAAAGCGTAAAATTCACTGTGCTT,unknown,1
CACCCCCCATAAGTATGATTATAATT,unknown,1
ACATCCGCGATATTCCACTCATCAACAA,unknown,1
AGAATACTCCTTCCATTTTGATAA,unknown,1
TAATGTATTACTTAAATCCCAAAACTGG,unknown,1
GATGCAGAATTGAAGAGAGTTGGGTA,unknown,1
TATCAAATATTGTGATATAACAACCA,unknown,1
GCTACTCTTAGTCGGGCTTCGGAGTG,unknown,1
CCGAAGGAGTTCATATTTTTATAAAT,unknown,1
GCTCAGTGACACCAACAACACAGACA,unknown,1
ACTATATATGTTTGAGAACCCATGGA,unknown,1
TGTATAAGTACTTTACCCGGCCCAAA,unknown,1
ATTGTATACGTCAAAAAAGCATAG,unknown,1
TTATATTGTTTTGGCTTATTTTCCGT,unknown,1
TCATCGATACCACCAAAATTGCTTAT,unknown,1
ACCTGGATTGTATAGTTCCAGCTTAGC,unknown,1
GTGGTGAACGTCTTTGAGAATGCGTGCA,unknown,1
ACGCTTGCGTAATCTTCCTCTTTCTA,unknown,1
TTTGGAATGCATCAAAAAATTAAGAC,unknown,1
TTAATGGAGATGACCACATCCGTGTC,unknown,1
ATTGGACCCGGTAAAACTAAATGCAT,unknown,1
TGCTCCAAAAGCAGTATTGGATCAA,unknown,1
TTACATAGTGAAGTTTTGTGTTCAAATA,unknown,1
TTAGATACTAACAAATGTCTATACACCT,unknown,1
CCCCCCCCATACGTATGATTATAATT,unknown,1
AGTCGTTTTTGTTATTTAGAGCCGACTC,unknown,1
CGTAGAGGTCTGCTAGTTCCAACCC,unknown,1
AAGCATGGTTTCCCAGCCAATTACAAAT,unknown,1
TGGCATTACAGCAGAACCACATGACG,unknown,1
AGCCTAGCCCGCTTGCGGTGTTCCGGC,unknown,1
GTTGAATAATGACGAGTTTTCTTATA,unknown,1
TATGTTCCATTCGGTATTACTAACTTT,unknown,1
CTCCATATATTCTATAATATTAGATCC,unknown,1
AAAGCTCCACAAGCTGCTGGTGTTATTC,unknown,1
AACAACGTAACAGGCCCTAGAGCTA,unknown,1
AAAAAGTATTTCAAGATCTCTAAAT,unknown,1
CTGTTTTTCTTTGTCGTTTTCTTCT,unknown,1
AATTAGTAAAAGTTGCAAAAAGTTTAG,unknown,1
AAAACGCCATTTTTCAAACCACCC,unknown,1
GCTGGCCTTGTTAGAAATCCAAGTTCT,unknown,1
AACTGTACATACTGAAGAGGAATCTG,unknown,1
TTGCTTACTAATAATTAGATTTAATTTT,unknown,1
ATCCAACCGTACAGCACTGTAGTGCTT,unknown,1
TTGTTACCTTTGTCACTTTCATCA,unknown,1
TCATACCGCTGATGAATTCGAAAA,unknown,1
AATTTGGATTGCTTGTCTTGTAAT,unknown,1
AGCTCCTGATTCTACTAAAGTTGATG,unknown,1
GCATGATCAAACCGAAAAGTTTTAC,unknown,1
GTATGTTTGACTATAGACTTTGATT,unknown,1
GTGCCGTAGACGGCATCCCGTCGTTTTA,unknown,1
AAATGGTAACCAACCAACAAACATGACG,unknown,1
GTAATGGCATTGTCCGTGTTCAAAA,unknown,1
GTTTGAAAATGATTGAAATTCCTTGGGA,unknown,1
ACCGTGACTAAGAACGCTAGTGAAAAGT,unknown,1
GCTCCATTATCTTTAATTCCCCGT,unknown,1
TACCGAAATGGATTCACATCAACT,unknown,1
ATTTTCTCAAAGGGTACAGTTGTTGGCT,unknown,1
TGTATGAAAACGGTGGAAATTACAAGAC,unknown,1
AAAGTGTACCCCTCCCCGAATTTATAG,unknown,1
CCCCCCCCATAATTATGATTATAATT,unknown,1
TTCATTTTCAAAAAATTTAATCAACTGC,unknown,1
AGCTTCACCAGCTTTGCAACCACT,unknown,1
GTGTGTGCCGCTGTTATTGTTGCTACC,unknown,1
CTCTGCACTGGGCATGCCAGTGTTCAT,unknown,1
TCCCAAATCACACTCATCATCTCATACG,unknown,1
AAGGTTATTTCACTCTTCAAGCCAGC,unknown,1
TCTAATCATTCGCTTTACCTCATA,unknown,1
ATCTCCTGGGTCCAACCAAGAATC,unknown,1
TTTATACCAATATTATATGCGCTGACA,unknown,1
TATGATGTGTCTACGAGACAGCGCCCT,unknown,1
TTGAGAGTCGATGGCGAAGTAGGTCA,unknown,1
CATCAAAACAACCAATTGTAAACGC,unknown,1
ATTCTCCCTTTAGTTCCTTTTTGG,unknown,1
ATAAATACAAATACAATGGAACGAG,unknown,1
AATTCTTCAGTACACTAAGAAGAAGA,unknown,1
ACACGATACTCTAGGAGAAGAAAAGG,unknown,1
AGGGAGGAAACTGACATCTTGGACAT,unknown,1
AGATCAATATTAGGGAACTGGAGGAGT,unknown,1
TGAACAGATGGTGGACAGCTTATGATA,unknown,1
AGGTTAATGATCATTTGGTCTTCCTT,unknown,1
ACATTATGTTCAATCAATATATCTT,unknown,1
TACGCGAGCAACTTCTATTAAGAGAA,unknown,1
AGACGCAGTGGCTTGGATTTGACC,unknown,1
CACTCCAGTTATAGTTTCCTCTTT,unknown,1
AGCGGTGATGGCATCAGCAGCACCGGTG,unknown,1
GAAAAATATATATATAATTTATGCATAG,unknown,1
TAAATGGATGAAATTAAGTAAAAA,unknown,1
TCATAGCGATCATTTAACAGAAGTGT,unknown,1
ACGGGCATTATATACAAGATACGG,unknown,1
TCTACCTAACGATTTATAATTATTA,unknown,1
AAAGTCTTCTTCCATCTTTAACTGGGC,unknown,1
CACAGCGAAAAGAGCTGGCTGCCACACC,unknown,1
GTCGAATCTTGGACCCAAAAACTTTATC,unknown,1
AAAGTAATCCAAATTAGTATTACTA,unknown,1
CTTGCATTTTTTAACGAACTGTAT,unknown,1
ATCAGTCTCCATACTCAGAGGTTTGG,unknown,1
TAGTGTGATAGTAAATGAACTAATA,unknown,1
TGCGCGGCGCGGCGGTTAGGAAAACCA,unknown,1
AACCGGTCAAAGCTCCTCTAACGCA,unknown,1
CTGCGTACGGTGCAAAATTTTTGA,unknown,1
ACCCCACCACACTCCTACCAATAACG,unknown,1
CACCGAATACGGAACACAGTGTTTT,unknown,1
CGCTTCCAAACTGTTTTTCGTCAACTCA,unknown,1
AATGAATCAGAACCTCGCGGATATCTG,unknown,1
AACAAGAAACTGCTAAAAGGAAAAAAA,unknown,1
ATTTGATTTGATCAAGACATAATGGCAG,unknown,1
TATTTAGCCTATTTTATTGCGATGACA,unknown,1
TTGAGGACTTGGACTTCTCGAGTTCGAG,unknown,1
TTAAGAGGATTGTATTTAGCTGTAAT,unknown,1
ATGTACAGCTACTCTTTTGGGCTTGG,unknown,1
TCCCAAATCACTCTCATCATCTCATACG,unknown,1
GCGTTGCTTCATTCACCATTTAAT,unknown,1
AAGCGTCGACGGCAGCTGGGCCGTC,unknown,1
ATACTTCTCCAAAATTTTGGCTTGT,unknown,1
ACATTCAACACCACGATAAAAAAA,unknown,1
TTACATCTATCTATAAAACGTTCA,unknown,1
CCGAAAGGAGAATAATATAAAATATT,unknown,1
CCCCCCCCATAAGTATTATTAAAATT,unknown,1
AAGGCATGGCTGGGTCATAGGTGA,unknown,1
TTTCCTACGGTTTGGCCCAAGGTGATT,unknown,1
GATAATAGTTATATTCCTTTTTTAT,unknown,1
AATAGGGCTTTGTTGGAAACAGACGC,unknown,1
CCGTTAGGAGTTTTGAAGGAATAATAT,unknown,1
ATAGTCCGTGATATCTGGAAGCGGTC,unknown,1
CCTGCATATTGCCAAATTTATTGGAG,unknown,1
AATACCTGGCTACAGTATTTGATTTCTA,unknown,1
AAGCACCTCAATGCATCTGTACCATAGT,unknown,1
ATATATACAATAATGGTATTGATTAT,unknown,1
AAGTTCATTTTCAATACACCCCAA,unknown,1
CACTTCCGAATTGAAGTAATCAGATGGG,unknown,1
ATCAGAGAATCCAAATCTTGAAGCTCA,unknown,1
ATTCCAACAATTTACGTGTTTTTTCAGA,unknown,1
ATCTTAATCAGCATATGTTTTCACTA,unknown,1
CCTTTTCGATATCATTTTCAAACAAACT,unknown,1
ACATCCATAGGCAAAAAAAAGGAATAC,unknown,1
GTTAAACCGGAAGCTTATAAATAAAAA,unknown,1
TTCTTTATTCCAATGTTGCTCAGGC,unknown,1
GAAGAGGTCAATGATTTATTAGCTCATT,unknown,1
TACATACAGTGTCGAGGAAAAATAGACA,unknown,1
TAGATGTAATTAGGTATGTAAGCACTT,unknown,1
ATACCTAAAAGTTATGTACGTTAAT,unknown,1
CATCGAGCCAGTGAGAAAAAAGCCAAA,unknown,1
TCCCTTACTGCTCACAGTGGAGCGAG,unknown,1
ATTCCACAAAGAAGTGCCTCGCTAGGTG,unknown,1
GGGCGTAGAAAGGCTTTGATTATCGGT,unknown,1
TGTCATTGGTCAAATTTTCTTGCCCA,unknown,1
AAAATTAGGTTTTTTTTTAAAACTGACC,unknown,1
ATATCTGGTTACATATCTGTTTAT,unknown,1
AAAGCCAAGAAGGCATAGTTAGGTAAAA,unknown,1
AAAAGGGTTGAGGGTTTGGGATTCG,unknown,1
TTGCTATTCATCACCGGATTCAAC,unknown,1
TTTTTTTTTCCGCCACTCCGATAACT,unknown,1
AATCTGTTTTGAACAGAATCCTTACA,unknown,1
ACGTAATTTTGTATATAAATATCTG,unknown,1
TGTAGAAGGACCACCAGCTAATAGG,unknown,1
AAATGAGAAGGCAGGCTTCGAAGA,unknown,1
AATATGGCTCAATTGCCTACGACA,unknown,1
TTCAGATAAGCCATACTGGCAAGA,unknown,1
CCCCCCCATAAGTTTGATTATAATT,unknown,1
GCCTCCGAAATAATATATAGTGAAGAT,unknown,1
TGATTGTGTTTATTTATATTTTTTGCC,unknown,1
ATAGATTGTAAATATGCAATTGGTAA,unknown,1
TAACCTTCTTCCTGCAGAATCCTTC,unknown,1
AGCATGGCTAGCAGAGCTAGCGTCAAG,unknown,1
TTCTTGCGCTATAGGATAGAAGTA,unknown,1
ATTCCGCTCTATATGTATATATTTAC,unknown,1
ACCGAACTTTTGCACGACCCAGTTCGA,unknown,1
TATTTCTATCGCATAGGGGCTTCAAACA,unknown,1
TTTCATCCTACATAAATAGACGCAT,unknown,1
AGCTTCTGAAATATCGATATCAAAC,unknown,1
AGAATTGATATTACAAAAGTCGAAAATC,unknown,1
TTATTAATTTATATGGATGCCGAG,unknown,1
AGGAGGAAATGGAAGCAAATCACCT,unknown,1
TTGCTATTCATCACCGCATTCAAC,unknown,1
TGGACAGCACTACAAGGCGGCAAAAA,unknown,1
TATTTTACTTCAATTTACTATAACT,unknown,1
CCGAGGAAATAATAAGAAATGAAGATA,unknown,1
TGTTCCATACTATGAATGCTTTCTCTC,unknown,1
GGCAGCCAATATGGCGGGGCGCTCG,unknown,1
AGGCAATCAAAAATGCCGTTGGCAGTA,unknown,1
CCAGGTGTTTGCCTGGGTAGCACACGG,unknown,1
TGGGAAACGGGCTTGCCTTGAATGCTT,unknown,1
TGGTAAAAAAGCGATTGATCTCAGAC,unknown,1
GAACCTCGCAAAATGGAGCGTTGC,unknown,1
ATGTACACAAGTATATCTATATAT,unknown,1
TAAACCCGTGCTAATTCTTCTTTCCT,unknown,1
AATACTGCCTGAGAATGAGTGATTT,unknown,1
CACAAAGGCAGTTTTGCGAGATCTAC,unknown,1
TGTAGAACTTAATGTGTTCTATTCAAA,unknown,1
GATGTTTATTGTAGCTTGCCTGTTG,unknown,1
GAAGGCTTGATAAAGGTAGCACATTTTT,unknown,1
TTGACCAGAGATTGATAGGAAGGGTGGA,unknown,1
GCAAAAACAACCTGCGAGCCGTCT,unknown,1
CCGGAGGAGTGTGGGCCCCCTCCCT,unknown,1
ATTTATGCAATGTTGTTTAAGTCG,unknown,1
GAGGTGTAATTTCACAGTCCATAATAC,unknown,1
AGCTGGCAGTATTCCAACAGGCTATA,unknown,1
AATTTCATTTGTACTTTTTTGGATA,unknown,1
CATACACTGGACAAACTCCAGTGAAGGC,unknown,1
ATAATTCGGACAGTTCCAGTTTAG,unknown,1
TATTAAGGAACGGTTGTGTTTGAAAA,unknown,1
GCGATTCTTTGACTTTGTTTTCTACTGT,unknown,1
AAGTTTGTTCAAGATCATCAATCATCAA,unknown,1
CTAGGTATTATACTTGTTCCAACAAG,unknown,1
AGGGTAATTCAAATGCGTCCCGGTACAA,unknown,1
GGCATACATGAATCATGACTAAACGA,unknown,1
TTCCATTACATTATACGTAACTTGAT,unknown,1
TGATTCCCGTTCACAACGTCATCG,unknown,1
ACTTGAGATCTTGTCTTCCCTTAAAA,unknown,1
ATAGTCTGGTAGAAACAATGCTAGG,unknown,1
GGGGTCGAAATGACCTTGACCTATGCTC,unknown,1
ACCACGCAGCCTTGTCGTCTTCAA,unknown,1
GGAACTAATTAATATTTTATATAATA,unknown,1
CAACAACTCGGTACAAAGTCGCCCGT,unknown,1
ATAGTTGGTTCAGTACCCTAAGAAA,unknown,1
TGTTTGCTGTTCACCTTCGGAGAGAG,unknown,1
ATAACCTGATTCTACTAAAGTAGATG,unknown,1
ATTTTCGGTTCGTTCCTTGGTGCTGCTG,unknown,1
ACGCCAACCTTTCAGCGGACAAGTCCA,unknown,1
GATTTAACTCATCTTCTTGAAAGTAT,unknown,1
AGCATAAGAATTATCATTTTCCGCACGC,unknown,1
TTATTGAATCGTTCACGCACTAAAGAAA,unknown,1
TGAGTGGGGATTCGGGCAGCAGGAAG,unknown,1
TTGTTGTGGTTTCCCATACCCTCGAGC,unknown,1
AATCACGACTCTCACAATCACAATA,unknown,1
ATACCCCCACCCGACAATTATATTTTGA,unknown,1
ACACCGTCATCAAATTGGGTGGAAA,unknown,1
TTCATTCATTTTTGGAGGCTGTTGTT,unknown,1
AATAACGGGGAACAAAGTAAATGT,unknown,1
CGGCTTGGAACGATCTTGCCTCTTGTA,unknown,1
AAAGATAGCCGACCCAAAATTATAAAAA,unknown,1
GTGCTGCATATAATAGGACTCAAC,unknown,1
TATTGAAAACCTTTTCAATCTCATGCA,unknown,1
GTAGAGACAGGGCCCAAGCAGTAGAGAC,unknown,1
ATAGTTGGTACAGTAACCTAAGAAA,unknown,1
TCACTCCTTACGGGATTCCCGCTTCCCA,unknown,1
CACCCAAGAAGATGCCAAGCGTCT,unknown,1
AGGACATGCCTTTGATATGAAAAAAA,unknown,1
TGAAATTGTGATAGTGTTTTGTAGTCTT,unknown,1
AAAGCGATGGATCCAAATTTGCCTCG,unknown,1
GGAAACACTCTGTTTCTGTGCGTTTAT,unknown,1
CAGTATGTACCCGGTAAAACCTCCCTTT,unknown,1
CCCCCCCCATTAGTATGATTATAATT,unknown,1
TGATGAGGATGATCTAGATAGTAATGAA,unknown,1
AGCTGTGTATTTTGGGGATGTCAGAG,unknown,1
TAAACAAGGACTGAAAAAGATCGCAG,unknown,1
TAGCTAAGCGAACAACAGATAATAA,unknown,1
ATTGATACTAATTATAAGGGGATA,unknown,1
GCAGAACCAATTATTTTCGCAGTACAA,unknown,1
AGCGCTCGTCATGGAACGCAAACGCTGA,unknown,1
TTGTTACCTTTGTCACTATCATCA,unknown,1
GGGGATGACCTTGGACGCTGCGGC,unknown,1
AATATGTCTGCGTCGCCGATTGTCC,unknown,1
GCAGTACCAATTATTTTCTCAGTACAA,unknown,1
ATCAATAATAACTTCAACACTAATA,unknown,1
TTTGTTTAAACCCTCACTTTTAAAAA,unknown,1
AACCAATTTCAAAGCCACGCGATCAGCA,unknown,1
ATGCAAAAGCCGACAATCCCAGGCCA,unknown,1
ACTACCGTCCCCACCACAACTAGCAA,unknown,1
AGGACCCAATACTTCAGCTGGTCATCTA,unknown,1
GAGAGTGTAAAGCCAGAACCGGAG,unknown,1
GATATGCCATGACAACGAAATCTTGGA,unknown,1
TTCAATTACAAGATACCAGTAGAAACTC,unknown,1
AACGATATCCTCGTCGCAGGCCAG,unknown,1
GTTAAGAAATGGAGGACAATTAAATGGA,unknown,1
CACCATCGACCACGTTTCGGCACCGGTC,unknown,1
GGACTATTATATAAATAATATTATTAAA,unknown,1
TGAGTACATAGCTATTGGATAACTGT,unknown,1
GCCTTATCTTGTTAGCAGTGGCTATA,unknown,1
CTATTTCAACCACAGAAGCGATGCAAC,unknown,1
ATATTTCTGGTTTATGTTTTATAGTTTT,unknown,1
AATAAACTTACTACATTATGATATAT,unknown,1
ATCATTATAAGCTGCAAGTCGTGG,unknown,1
TATCAGGCCGCTGATTAGAGCTATGGAT,unknown,1
AATTCTTGAAACTTCCATTCATCGAAT,unknown,1
GTTGGCTCGGAGATGTGTATAAGAGAC,unknown,1
AAACAGATCTCTAATACATGACCAGGAT,unknown,1
CAGAAATTGCTCTTTTTTTTAGGC,unknown,1
ACCTCTGATACCTGGGCTGAATGAC,unknown,1
TTTTCGTGGGTTGTTAACGTATCAAAA,unknown,1
GCTAGTGCCACTACTCGTGACAAACTT,unknown,1
ATACTGATTCACATCGTATTTAAC,unknown,1
AACAGCAGTGCAAATGGAGCTGAAGCGC,unknown,1
AAAAGTAACGACCAGTTGAGTGACTATT,unknown,1
TAATCATAGAAGACAACACTTGCTTTCG,unknown,1
TAGTGTGATAGTAAATGAACGAATA,unknown,1
AAGTATTTCGGCCAAGCGACCCCATA,unknown,1
AAATATTTCCTTTGGACAAACTGAGGA,unknown,1
ATTCATTATCCATGGAACTTGTGAAAC,unknown,1
TAATCTTAAAAGATTTTCAGATTT,unknown,1
TTTTTATGCCTCCTTTACCGGCGGGGTT,unknown,1
GCTATTGTATAAATAAATAAATAAATAA,unknown,1
AAGGTAGGAGTACAATATGCATAC,unknown,1
ACAAAGGGGATTTGACATAGAGTTTG,unknown,1
CTTTCTTGCTATACGAGGTGGTCCG,unknown,1
GTTCCTCTTCCTATGGCCTAATACCC,unknown,1
AATGATAAAAGCAGAAGAAACTCCTAGT,unknown,1
TGGTATTCATCTCTCTCCATAACCTA,unknown,1
AAAATAATAAAATTCTTATCTTGAAA,unknown,1
ATGACTGTCTGAGAATTGGGGGAA,unknown,1
GCTCAGTGACACCAACAACAAAGACA,unknown,1
AAAAGTAATTCTGCCCGCTGATTTTA,unknown,1
AACGATAGCAGCTACAGCAAATGC,unknown,1
ATAAAATTGGCGTACTCGGTATTGTTT,unknown,1
CTCGGAAATATTACACTTAATATTAG,unknown,1
AGCCCCTGATTCTACTAAAGTTGATG,unknown,1
CCTTCAGCACAATCTACTAAGGATGA,unknown,1
ACGATTTTTTGGTGCAAAAGTGTTG,unknown,1
TGGACAACTACTGGACTACGTAAA,unknown,1
ACAACTCCTTTAGCTAAAACTACGA,unknown,1
CTTTCATGATCCTGTCGAGTACATTT,unknown,1
GCTGCCATGCCGGATATGAAACAGCCTA,unknown,1
GGACTACATTGTTGTATCAGTTATCCAA,unknown,1
AACTGTTTGAAGAGATATGAATGCTGTA,unknown,1
CCCCGTATACTATATACTATATACTAT,unknown,1
ACCAAATACGGTTAAAAAATCAATA,unknown,1
CAGTATTTGACCTCTAAGGATGTCC,unknown,1
ATTTGAAGAAAAGAATCGTTTTCCAG,unknown,1
ATGTCCTGATCTTTCCATTGTAAA,unknown,1
AGGACTTCAGCTTTCTTTAGTTTGC,unknown,1
AATCAAAAAGAAGTTCATTCTATCCC,unknown,1
AAGAAGAATGGTACTTCTGCTTATGTGT,unknown,1
ATCGATTTCGAACAATTGATACTAACAA,unknown,1
TATGTACCAATATATTTATATATGTAC,unknown,1
ATGACCATCTATCGGACTGTAATTTTC,unknown,1
ACAGCAAAGGGTGTCCAGTGACGAAAAT,unknown,1
GGAACGCAAACAGAAGCTCACAGAAG,unknown,1
AATGAACTTCAAGTATTTAGCAAAA,unknown,1
GGGGTCGAAATGTCCTTGACCTATTCTC,unknown,1
ATTTGTGCAATTCTCGTTGTTTCACTG,unknown,1
GTGGGATGCATCCTTGCAAATCATGA,unknown,1
GCTGCCACAAGTGTGTTGTCCTTA,unknown,1
AAATTTGCTCAAATTTTTAATTTTAT,unknown,1
AATACGACGCACTCTTTTAACTCTAATA,unknown,1
ATTAAACACTTACTAAAATTAAACCGA,unknown,1
AAGTCTACTTGCTTCTCATAAAGTTG,unknown,1
AAAAACGGAGACTTGTCTTTTATCT,unknown,1
CCGAAATGAGAAATATTAATATATT,unknown,1
CCCCCCACATAAGTATGATTATAATT,unknown,1
GCAAGCCATTTTAGATTTAATACCTCCA,unknown,1
TGATTACTGATGTGGTGCGCCTTCCGAT,unknown,1
CCCCCCCTTAAGTATGATTATAATT,unknown,1
AATATGGCTCAATTGCCTACGCCA,unknown,1
GCAGTAGCTTTCTGAAATTTCATCTACC,unknown,1
AACAGTCCAAAGTCCAGATAGAATCC,unknown,1
GGTAAACCCTATTGTTTAGAAAGA,unknown,1
AAAAAGGAGAAGAAGAGAAAAATTTC,unknown,1
AGCACCAGAATCTACTAAAGTTGATC,unknown,1
TGGTTTTGGAAAAGCTGCTGCAAATC,unknown,1
TGCATTTCAAGATATCCTGTGGGTC,unknown,1
GTCCGTACGATAAATTATTAATTG,unknown,1
TTATTGCCGGAATTTTGTCATGGTAT,unknown,1
CAACCATCATCATGTACATTAGAATTTT,unknown,1
ACGAAAGGAGAAATATTAATATATT,unknown,1
CCTCCCTTTAATTATAATTAAAATT,unknown,1
TCTACATGAGGTTGAGGTGCATCTAG,unknown,1
TTAGAAAGAATTATTGTCTATAGGTACG,unknown,1
AAAAAGGATAAGAAGAGAAAAATTTC,unknown,1
TTGATAAATAGTTCAAGTGATTTAGAAA,unknown,1
AAAAAGAAAACAAATAACAAATCAAGAA,unknown,1
TACTAGAAGCCATGAAAGAACCTG,unknown,1
CTGACAGGAGGTGGTCACTCTACCATTT,unknown,1
CCCCCCCATAAGTATGATTATAATT,unknown,1
GTTATCACGCTCGATACTTTTCTCA,unknown,1
GAACACAAAAATGATCTTAGAATTG,unknown,1
TTGCAGTATTCAAACACGCTAACTCGAA,unknown,1
GAAGTGGTCTTACCTATACCTGGC,unknown,1
ATTACGGCTACTCAACGAGATTTCA,unknown,1
ATTTTGATCATCGCATTAATCGCT,unknown,1
AATTGACATGCTTTAATATTGAGGTC,unknown,1
TGATCAAAATAATCAAGTCTGGAAACTT,unknown,1
TCTTTGCTATATATCTCTGTGCTAT,unknown,1
TTATTTGTCAGCTTGAAAGGTACC,unknown,1
ACCCCCTCAAGAAAATTAATATATAATA,unknown,1
ATAGCCACGATGGTAGATGAAGCAAA,unknown,1
CTTGACTCGAATTGTTTCTAAATG,unknown,1
AATGGCGTCTATTTCATCAATAAATACA,unknown,1
CTTCCTATTAGTGTATGTCAAGTCAAC,unknown,1
AATCTAAAATGATATGGGCCTATTGT,unknown,1
ACCTAAAACGACCGTCCTTGCATT,unknown,1
AATTTTCAGAATTTTTTCAATTTCTTTA,unknown,1
CACATCATTGGTCACATGTATGGA,unknown,1
ACCCGAATGGAAGTTATAACGGCACA,unknown,1
CCCCCACCCCCCTCCTCCCAATAACG,unknown,1
TATTCTACTTAGGTTTGGTGTCTTTAT,unknown,1
GCAGTAACAAATATTTTCGCAGTACAA,unknown,1
CGGACATGTACTGATCGTTCCACTG,unknown,1
TCTTCCTCTCCCTTGCAGACTAGAA,unknown,1
GTTCTGTTATGAAGCTCTCTCCTTG,unknown,1
TTCAAGGTCCTCACGCCTTTGATT,unknown,1
ATGTTTACCTTATTCGGTTGGTGGTCTG,unknown,1
GTTAGTGGTAGGAGTGCGGGGGTGTGGT,unknown,1
GTAGGGGAACCTGCGGTGGGCTTATAA,unknown,1
CATAATGTCCATGACTATTTGCACAA,unknown,1
GCCACTGGTTATAATTGTTGGGGCTAG,unknown,1
ATAATTTACGAACAGAACTCAAGTTG,unknown,1
TCTTCATAGTAATAGCCACAATACTA,unknown,1
AATTTACTTTCGGTGTAAGGAGAACT,unknown,1
